material_id,strenght,lightweight,stiffness,shear_resistance,poison_ratio
1,0.1573754316724223,0.850974930362117,0.9178082191780822,0.07133243606998654,0.6666666666666666
2,0.1605821410952146,0.850974930362117,0.9178082191780822,0.07133243606998654,0.6666666666666666
3,0.14134188455846078,0.850974930362117,0.9178082191780822,0.07133243606998654,0.6666666666666666
4,0.16822890971879625,0.850974930362117,0.9178082191780822,0.07133243606998654,0.6666666666666666
5,0.1702022693635915,0.850974930362117,0.9178082191780822,0.07133243606998654,0.6666666666666666
6,0.14627528367044895,0.850974930362117,0.9178082191780822,0.07133243606998654,0.6666666666666666
7,0.18870251603354712,0.850974930362117,0.9178082191780822,0.07133243606998654,0.6666666666666666
8,0.18376911692155895,0.850974930362117,0.9178082191780822,0.07133243606998654,0.6666666666666666
9,0.16526887025160336,0.850974930362117,0.9178082191780822,0.07133243606998654,0.6666666666666666
10,0.1973359644795264,0.850974930362117,0.9178082191780822,0.07133243606998654,0.6666666666666666
11,0.18870251603354712,0.850974930362117,0.9178082191780822,0.07133243606998654,0.6666666666666666
12,0.17464232856438086,0.850974930362117,0.9178082191780822,0.07133243606998654,0.6666666666666666
13,0.3450912678835718,0.850974930362117,0.9178082191780822,0.07133243606998654,0.6666666666666666
14,0.2313764183522447,0.850974930362117,0.9178082191780822,0.07133243606998654,0.6666666666666666
15,0.21386285150468673,0.850974930362117,0.9178082191780822,0.07133243606998654,0.6666666666666666
16,0.1911692155895412,0.850974930362117,0.9178082191780822,0.07133243606998654,0.6666666666666666
17,0.3145041933892452,0.850974930362117,0.9178082191780822,0.07133243606998654,0.6666666666666666
18,0.2567834237789837,0.850974930362117,0.9178082191780822,0.07133243606998654,0.6666666666666666
19,0.26591021213616184,0.850974930362117,0.9178082191780822,0.07133243606998654,0.6666666666666666
20,0.22298963986186482,0.850974930362117,0.9178082191780822,0.07133243606998654,0.6666666666666666
21,0.39615194869264925,0.850974930362117,0.9178082191780822,0.07133243606998654,0.6666666666666666
22,0.2960039467192896,0.850974930362117,0.9178082191780822,0.07133243606998654,0.6666666666666666
23,0.2713369511593488,0.850974930362117,0.9178082191780822,0.07133243606998654,0.6666666666666666
24,0.2222496299950666,0.850974930362117,0.9178082191780822,0.07133243606998654,0.6666666666666666
25,0.44030587074494326,0.850974930362117,0.9178082191780822,0.07133243606998654,0.6666666666666666
26,0.3586581154415392,0.850974930362117,0.9178082191780822,0.07133243606998654,0.6666666666666666
27,0.3544647261963493,0.850974930362117,0.9178082191780822,0.07133243606998654,0.6666666666666666
28,0.22052294030587075,0.850974930362117,0.9178082191780822,0.07133243606998654,0.6666666666666666
29,0.5389738529847065,0.850974930362117,0.9178082191780822,0.07133243606998654,0.6666666666666666
30,0.3552047360631475,0.850974930362117,0.9178082191780822,0.07133243606998654,0.6666666666666666
31,0.34953132708436113,0.850974930362117,0.9178082191780822,0.07133243606998654,0.6666666666666666
32,0.23162308830784412,0.850974930362117,0.9178082191780822,0.07133243606998654,0.6666666666666666
33,0.4980266403552047,0.850974930362117,0.9178082191780822,0.07133243606998654,0.6666666666666666
34,0.17143561914158856,0.850974930362117,0.9178082191780822,0.07133243606998654,0.6666666666666666
35,0.1660088801184016,0.850974930362117,0.9178082191780822,0.07133243606998654,0.6666666666666666
36,0.15071534287123828,0.850974930362117,0.9178082191780822,0.07133243606998654,0.6666666666666666
37,0.18253576714356193,0.850974930362117,0.9178082191780822,0.07133243606998654,0.6666666666666666
38,0.1724222989639862,0.850974930362117,0.9178082191780822,0.07133243606998654,0.6666666666666666
39,0.15712876171682288,0.850974930362117,0.9178082191780822,0.07133243606998654,0.6666666666666666
40,0.22422298963986187,0.850974930362117,0.9178082191780822,0.07133243606998654,0.6666666666666666
41,0.23877651702022692,0.850974930362117,0.9178082191780822,0.07133243606998654,0.6666666666666666
42,0.20522940305870746,0.850974930362117,0.9178082191780822,0.07133243606998654,0.6666666666666666
43,0.4743463246176616,0.850974930362117,0.9178082191780822,0.07133243606998654,0.6666666666666666
44,0.2313764183522447,0.850974930362117,0.9178082191780822,0.07133243606998654,0.6666666666666666
45,0.2503700049333991,0.850974930362117,0.9178082191780822,0.07133243606998654,0.6666666666666666
46,0.21065614208189443,0.850974930362117,0.9178082191780822,0.07133243606998654,0.6666666666666666
47,0.6783423778983719,0.850974930362117,0.9178082191780822,0.07133243606998654,0.6666666666666666
48,0.253330044400592,0.850974930362117,0.9178082191780822,0.07133243606998654,0.6666666666666666
49,0.23926985693142575,0.850974930362117,0.9178082191780822,0.07133243606998654,0.6666666666666666
50,0.20547607301430687,0.850974930362117,0.9178082191780822,0.07133243606998654,0.6666666666666666
51,0.3468179575727676,0.850974930362117,0.9178082191780822,0.07133243606998654,0.6666666666666666
52,0.31993093241243215,0.850974930362117,0.9178082191780822,0.07133243606998654,0.6666666666666666
53,0.25703009373458313,0.850974930362117,0.9178082191780822,0.07133243606998654,0.6666666666666666
54,0.8145041933892452,0.850974930362117,0.9178082191780822,0.07133243606998654,0.6666666666666666
55,0.34385791810557476,0.850974930362117,0.9178082191780822,0.07133243606998654,0.6666666666666666
56,0.2501233349777997,0.850974930362117,0.9178082191780822,0.07133243606998654,0.6666666666666666
57,0.4163788850518007,0.850974930362117,0.9178082191780822,0.07133243606998654,0.6666666666666666
58,0.8300444005920079,0.850974930362117,0.9178082191780822,0.07133243606998654,0.6666666666666666
59,0.24864331524420324,0.850974930362117,0.9178082191780822,0.07133243606998654,0.6666666666666666
60,0.20300937345831277,0.850974930362117,0.9178082191780822,0.07133243606998654,0.6666666666666666
61,0.7380365071534287,0.850974930362117,0.9178082191780822,0.07133243606998654,0.6666666666666666
62,0.3892451899358658,0.850974930362117,0.9178082191780822,0.07133243606998654,0.6666666666666666
63,0.2405032067094228,0.850974930362117,0.9178082191780822,0.07133243606998654,0.6666666666666666
64,0.8179575727676369,0.850974930362117,0.9178082191780822,0.07133243606998654,0.6666666666666666
65,0.44203256043413913,0.850974930362117,0.9178082191780822,0.07133243606998654,0.6666666666666666
66,0.24938332511100147,0.850974930362117,0.9178082191780822,0.07133243606998654,0.6666666666666666
67,0.8776517020226936,0.850974930362117,0.9178082191780822,0.07133243606998654,0.6666666666666666
68,0.2861371484953133,0.850974930362117,0.9178082191780822,0.07133243606998654,0.6666666666666666
69,0.22372964972866305,0.850974930362117,0.9178082191780822,0.07133243606998654,0.6666666666666666
70,0.50419338924519,0.850974930362117,0.9178082191780822,0.07133243606998654,0.6666666666666666
71,0.27627035027133695,0.850974930362117,0.9178082191780822,0.07133243606998654,0.6666666666666666
72,0.8517513566847558,0.850974930362117,0.9178082191780822,0.07133243606998654,0.6666666666666666
73,0.20794277257030094,0.850974930362117,0.9178082191780822,0.07133243606998654,0.6666666666666666
74,0.1941292550567341,0.850974930362117,0.9178082191780822,0.07133243606998654,0.6666666666666666
75,0.2816970892945239,0.850974930362117,0.9178082191780822,0.07133243606998654,0.6666666666666666
76,0.2585101134681796,0.850974930362117,0.9178082191780822,0.07133243606998654,0.6666666666666666
77,0.753330044400592,0.850974930362117,0.9178082191780822,0.07133243606998654,0.6666666666666666
78,0.7481499753330044,0.850974930362117,0.9178082191780822,0.07133243606998654,0.6666666666666666
79,0.2881105081401085,0.850974930362117,0.9178082191780822,0.07133243606998654,0.6666666666666666
80,0.18944252590034533,0.850974930362117,0.9178082191780822,0.07133243606998654,0.6666666666666666
81,0.8231376418352244,0.850974930362117,0.9178082191780822,0.07133243606998654,0.6666666666666666
82,0.3211642821904292,0.850974930362117,0.9178082191780822,0.07133243606998654,0.6666666666666666
83,0.23088307844104589,0.850974930362117,0.9178082191780822,0.07133243606998654,0.6666666666666666
84,0.8825851011346818,0.850974930362117,0.9178082191780822,0.07133243606998654,0.6666666666666666
85,0.3431179082387765,0.850974930362117,0.9178082191780822,0.07133243606998654,0.6666666666666666
86,0.2222496299950666,0.850974930362117,0.9178082191780822,0.07133243606998654,0.6666666666666666
87,0.9659595461272817,0.850974930362117,0.9178082191780822,0.07133243606998654,0.6666666666666666
88,0.3593981253083374,0.850974930362117,0.9178082191780822,0.07133243606998654,0.6666666666666666
89,0.24222989639861864,0.850974930362117,0.9178082191780822,0.07133243606998654,0.6666666666666666
90,0.8690182535767144,0.850974930362117,0.9178082191780822,0.07133243606998654,0.6666666666666666
91,0.22027627035027134,0.850974930362117,0.9178082191780822,0.07133243606998654,0.6666666666666666
92,0.20325604341391218,0.850974930362117,0.9178082191780822,0.07133243606998654,0.6666666666666666
93,0.24222989639861864,0.850974930362117,0.9178082191780822,0.07133243606998654,0.6666666666666666
94,0.2069560927479033,0.850974930362117,0.9178082191780822,0.07133243606998654,0.6666666666666666
95,0.7516033547113962,0.850974930362117,0.9178082191780822,0.07133243606998654,0.6666666666666666
96,0.8470646275283671,0.850974930362117,0.9178082191780822,0.07133243606998654,0.6666666666666666
97,0.3983719782930439,0.850974930362117,0.9178082191780822,0.07133243606998654,0.6666666666666666
98,0.24765663542180563,0.850974930362117,0.9178082191780822,0.07133243606998654,0.6666666666666666
99,0.8670448939319191,0.850974930362117,0.9178082191780822,0.07133243606998654,0.6666666666666666
100,0.7617168228909719,0.850974930362117,0.9178082191780822,0.07133243606998654,0.6666666666666666
101,0.3549580661075481,0.850974930362117,0.9178082191780822,0.07133243606998654,0.6666666666666666
102,0.2498766650222003,0.850974930362117,0.9178082191780822,0.07133243606998654,0.6666666666666666
103,0.8774050320670942,0.850974930362117,0.9178082191780822,0.07133243606998654,0.6666666666666666
104,0.3490379871731623,0.850974930362117,0.9178082191780822,0.07133243606998654,0.6666666666666666
105,0.2868771583621115,0.850974930362117,0.9178082191780822,0.07133243606998654,0.6666666666666666
106,1.0,0.850974930362117,0.9178082191780822,0.07133243606998654,0.6666666666666666
107,0.7804637395165269,0.850974930362117,0.9178082191780822,0.07133243606998654,0.6666666666666666
108,0.3406512086827824,0.850974930362117,0.9178082191780822,0.07133243606998654,0.6666666666666666
109,0.2868771583621115,0.850974930362117,0.9178082191780822,0.07133243606998654,0.6666666666666666
110,0.2651702022693636,0.8746518105849582,0.821917808219178,0.9650067294751009,0.6666666666666666
111,0.31623088307844105,0.8746518105849582,0.821917808219178,0.9650067294751009,0.6666666666666666
112,0.4181055747409965,0.8746518105849582,0.821917808219178,0.9650067294751009,0.6666666666666666
113,0.5034533793783917,0.8746518105849582,0.821917808219178,0.9650067294751009,0.6666666666666666
114,0.5288603848051308,0.8746518105849582,0.821917808219178,0.9650067294751009,0.6666666666666666
115,0.24814997533300445,0.8746518105849582,0.821917808219178,0.9650067294751009,0.6666666666666666
116,0.31623088307844105,0.8746518105849582,0.821917808219178,0.9650067294751009,0.6666666666666666
117,0.2311297483966453,0.8746518105849582,0.821917808219178,0.9650067294751009,0.6666666666666666
118,0.31623088307844105,0.8746518105849582,0.821917808219178,0.9650067294751009,0.6666666666666666
119,0.4181055747409965,0.8746518105849582,0.821917808219178,0.9650067294751009,0.6666666666666666
120,0.5034533793783917,0.8746518105849582,0.821917808219178,0.9650067294751009,0.6666666666666666
121,0.5288603848051308,0.8746518105849582,0.821917808219178,0.9650067294751009,0.6666666666666666
122,0.19215589541193884,0.8746518105849582,0.821917808219178,0.9650067294751009,0.6666666666666666
123,0.31623088307844105,0.8746518105849582,0.821917808219178,0.9650067294751009,0.6666666666666666
124,0.20572274296990625,0.8746518105849582,0.821917808219178,0.9650067294751009,0.6666666666666666
125,0.18870251603354712,0.8746518105849582,0.821917808219178,0.9650067294751009,0.6666666666666666
126,0.18006906758756783,0.8746518105849582,0.821917808219178,0.9650067294751009,0.6666666666666666
127,0.16329551060680808,0.8746518105849582,0.821917808219178,0.9650067294751009,0.6666666666666666
128,0.18352244696595954,0.8746518105849582,0.821917808219178,0.9650067294751009,0.6666666666666666
129,0.18006906758756783,0.8746518105849582,0.821917808219178,0.9650067294751009,0.6666666666666666
130,0.1973359644795264,0.8746518105849582,0.821917808219178,0.9650067294751009,0.6666666666666666
131,0.20572274296990625,0.8746518105849582,0.821917808219178,0.9650067294751009,0.6666666666666666
132,0.2311297483966453,0.8746518105849582,0.821917808219178,0.9650067294751009,0.6666666666666666
133,0.18006906758756783,0.8746518105849582,0.821917808219178,0.9650067294751009,0.6666666666666666
134,0.15984213122841637,0.8746518105849582,0.821917808219178,0.9650067294751009,0.6666666666666666
135,0.1973359644795264,0.8746518105849582,0.821917808219178,0.9650067294751009,0.6666666666666666
136,0.18352244696595954,0.8746518105849582,0.821917808219178,0.9650067294751009,0.6666666666666666
137,0.19190922545633943,0.8746518105849582,0.821917808219178,0.9650067294751009,0.6666666666666666
138,0.19190922545633943,0.8746518105849582,0.821917808219178,0.9650067294751009,0.6666666666666666
139,0.17168228909718797,0.8746518105849582,0.8698630136986302,1.0,0.6666666666666666
140,0.5458806117414899,0.8746518105849582,0.8698630136986302,1.0,0.6666666666666666
141,0.16329551060680808,0.8746518105849582,0.8698630136986302,1.0,0.6666666666666666
142,0.17168228909718797,0.8746518105849582,0.8698630136986302,1.0,0.6666666666666666
143,0.5458806117414899,0.8746518105849582,0.8698630136986302,1.0,0.6666666666666666
144,0.34163788850518007,0.8746518105849582,0.8698630136986302,1.0,0.6666666666666666
145,0.571287617168229,0.8746518105849582,0.8698630136986302,1.0,0.6666666666666666
146,0.17168228909718797,0.8746518105849582,0.8698630136986302,1.0,0.6666666666666666
147,0.5458806117414899,0.8746518105849582,0.8698630136986302,1.0,0.6666666666666666
148,0.2227429699062654,0.8746518105849582,0.8698630136986302,1.0,0.6666666666666666
149,0.6988159842131229,0.8746518105849582,0.8698630136986302,1.0,0.6666666666666666
150,0.18006906758756783,0.8746518105849582,0.8698630136986302,1.0,0.6666666666666666
151,0.20572274296990625,0.8746518105849582,0.8698630136986302,1.0,0.6666666666666666
152,0.35027133695115936,0.8746518105849582,0.8698630136986302,1.0,0.6666666666666666
153,0.588307844104588,0.8746518105849582,0.8698630136986302,1.0,0.6666666666666666
154,0.2567834237789837,0.8746518105849582,0.8698630136986302,1.0,0.6666666666666666
155,0.8265910212136162,0.8746518105849582,0.8698630136986302,1.0,0.6666666666666666
156,0.27355698075974344,0.8746518105849582,0.8698630136986302,1.0,0.6666666666666666
157,0.9284657128761716,0.8746518105849582,0.8698630136986302,1.0,0.6666666666666666
158,0.1973359644795264,0.8746518105849582,0.8698630136986302,1.0,0.6666666666666666
159,0.14627528367044895,0.8746518105849582,0.8698630136986302,1.0,0.6666666666666666
160,0.14627528367044895,0.8746518105849582,0.8698630136986302,1.0,0.6666666666666666
161,0.04415392205229403,0.7534818941504178,0.04794520547945205,0.008075370121130552,0.3333333333333333
162,0.060927479033053775,0.7534818941504178,0.17123287671232876,0.017496635262449527,0.3333333333333333
163,0.07819437592501233,0.7534818941504178,0.18493150684931506,0.018842530282637954,0.3333333333333333
164,0.09496793290577207,0.7534818941504178,0.2534246575342466,0.024226110363391656,0.3333333333333333
165,0.11223482979773064,0.7534818941504178,0.3013698630136986,0.02826379542395693,0.3333333333333333
166,0.14627528367044895,0.7534818941504178,0.3493150684931507,0.03230148048452221,0.3333333333333333
167,0.18031573754316724,0.7534818941504178,0.4383561643835616,0.039030955585464336,0.3333333333333333
168,0.09521460286137148,0.7534818941504178,0.678082191780822,0.05652759084791386,0.46666666666666684
169,0.14627528367044895,0.7534818941504178,0.589041095890411,0.05383580080753701,0.0
170,0.033793783917118896,1.0,0.23972602739726026,0.018842530282637954,1.0
171,0.12728169708929452,1.0,0.23972602739726026,0.018842530282637954,1.0
172,0.13098174642328564,1.0,0.23972602739726026,0.018842530282637954,1.0
173,0.24814997533300445,1.0,0.23972602739726026,0.018842530282637954,1.0
174,0.04760730143068574,0.9401114206128134,0.18493150684931506,0.014804845222072678,0.9333333333333337
175,0.0525407005426739,0.9401114206128134,0.18493150684931506,0.014804845222072678,0.9333333333333337
176,0.0678342377898372,0.9401114206128134,0.18493150684931506,0.014804845222072678,0.9333333333333337
177,0.06265416872224963,0.9401114206128134,0.18493150684931506,0.014804845222072678,0.9333333333333337
178,0.05944745929945733,0.9401114206128134,0.18493150684931506,0.014804845222072678,0.9333333333333337
179,0.05772076961026147,0.9401114206128134,0.18493150684931506,0.014804845222072678,0.9333333333333337
180,0.05944745929945733,0.9401114206128134,0.18493150684931506,0.014804845222072678,0.9333333333333337
181,0.05944745929945733,0.9401114206128134,0.18493150684931506,0.014804845222072678,0.9333333333333337
182,0.06290083867784904,0.9401114206128134,0.18493150684931506,0.014804845222072678,0.9333333333333337
183,0.05426739023186976,0.9401114206128134,0.18493150684931506,0.014804845222072678,0.9333333333333337
184,0.11741489886531821,0.9401114206128134,0.18493150684931506,0.014804845222072678,0.9333333333333337
185,0.09176122348297977,0.9401114206128134,0.18493150684931506,0.014804845222072678,0.9333333333333337
186,0.12062160828811051,0.9401114206128134,0.18493150684931506,0.014804845222072678,0.9333333333333337
187,0.2227429699062654,0.9818941504178273,0.3219178082191781,0.02557200538358008,0.7333333333333334
188,0.2192895905278737,0.9818941504178273,0.3219178082191781,0.02557200538358008,0.7333333333333334
189,0.3127775037000493,0.9818941504178273,0.3219178082191781,0.02557200538358008,0.7333333333333334
190,0.12900838677849039,0.9818941504178273,0.3219178082191781,0.02557200538358008,0.7333333333333334
191,0.14454859398125308,0.9818941504178273,0.3219178082191781,0.02557200538358008,0.7333333333333334
192,0.19215589541193884,0.9818941504178273,0.3219178082191781,0.02557200538358008,0.7333333333333334
193,0.18006906758756783,0.9818941504178273,0.3219178082191781,0.02557200538358008,0.7333333333333334
194,0.11198815984213123,0.9818941504178273,0.3219178082191781,0.02557200538358008,0.7333333333333334
195,0.11026147015293537,0.9818941504178273,0.3219178082191781,0.02557200538358008,0.7333333333333334
196,0.14109521460286137,0.9818941504178273,0.3219178082191781,0.02557200538358008,0.7333333333333334
197,0.14282190429205724,0.9818941504178273,0.3219178082191781,0.02557200538358008,0.7333333333333334
198,0.20572274296990625,0.9818941504178273,0.3219178082191781,0.02557200538358008,0.7333333333333334
199,0.1546620621608288,0.9818941504178273,0.3219178082191781,0.02557200538358008,0.7333333333333334
200,0.0678342377898372,0.9818941504178273,0.3219178082191781,0.02557200538358008,0.7333333333333334
201,0.08830784410458806,0.9818941504178273,0.3219178082191781,0.02557200538358008,0.7333333333333334
202,0.09003453379378391,0.9818941504178273,0.3219178082191781,0.02557200538358008,0.7333333333333334
203,0.08830784410458806,0.9818941504178273,0.3219178082191781,0.02557200538358008,0.7333333333333334
204,0.07819437592501233,0.9818941504178273,0.3219178082191781,0.02557200538358008,0.7333333333333334
205,0.07301430685742477,0.9818941504178273,0.3219178082191781,0.02557200538358008,0.7333333333333334
206,0.07794770596941293,0.9818941504178273,0.3219178082191781,0.02557200538358008,0.7333333333333334
207,0.0865811544153922,0.9818941504178273,0.3219178082191781,0.02557200538358008,0.7333333333333334
208,0.08830784410458806,0.9818941504178273,0.3219178082191781,0.02557200538358008,0.7333333333333334
209,0.08830784410458806,0.9818941504178273,0.3219178082191781,0.02557200538358008,0.7333333333333334
210,0.07819437592501233,0.9818941504178273,0.3219178082191781,0.02557200538358008,0.7333333333333334
211,0.07819437592501233,0.9818941504178273,0.3219178082191781,0.02557200538358008,0.7333333333333334
212,0.08485446472619634,0.9818941504178273,0.3219178082191781,0.02557200538358008,0.7333333333333334
213,0.08485446472619634,0.9818941504178273,0.3219178082191781,0.02557200538358008,0.7333333333333334
214,0.0833744449925999,0.9818941504178273,0.3219178082191781,0.02557200538358008,0.7333333333333334
215,0.09521460286137148,0.9818941504178273,0.3219178082191781,0.02557200538358008,0.7333333333333334
216,0.10014800197335964,0.9818941504178273,0.3219178082191781,0.02557200538358008,0.7333333333333334
217,0.06610754810064134,0.9818941504178273,0.3219178082191781,0.02557200538358008,0.7333333333333334
218,0.05772076961026147,0.9818941504178273,0.3219178082191781,0.02557200538358008,0.7333333333333334
219,0.05772076961026147,0.9818941504178273,0.3219178082191781,0.02557200538358008,0.7333333333333334
220,0.06610754810064134,0.9818941504178273,0.3219178082191781,0.02557200538358008,0.7333333333333334
221,0.05426739023186976,0.9818941504178273,0.3219178082191781,0.02557200538358008,0.7333333333333334
222,0.06808090774543661,0.9818941504178273,0.3219178082191781,0.02557200538358008,0.7333333333333334
223,0.04415392205229403,0.9818941504178273,0.3219178082191781,0.02557200538358008,0.7333333333333334
224,0.05772076961026147,0.9818941504178273,0.3219178082191781,0.02557200538358008,0.7333333333333334
225,0.038973852984706465,0.9818941504178273,0.3219178082191781,0.02557200538358008,0.7333333333333334
226,0.10039467192895905,0.9818941504178273,0.3219178082191781,0.02557200538358008,0.7333333333333334
227,0.09176122348297977,0.9818941504178273,0.3219178082191781,0.02557200538358008,0.7333333333333334
228,0.15811544153922052,0.9818941504178273,0.3219178082191781,0.02557200538358008,0.8000000000000002
229,0.14948199309324126,0.9818941504178273,0.3219178082191781,0.02557200538358008,0.8000000000000002
230,0.18006906758756783,0.9818941504178273,0.3219178082191781,0.02557200538358008,0.8000000000000002
231,0.22076961026147016,0.9818941504178273,0.3219178082191781,0.02557200538358008,0.8000000000000002
232,0.16132215096201283,0.9818941504178273,0.3219178082191781,0.02557200538358008,0.8000000000000002
233,0.21410952146028614,0.9818941504178273,0.3219178082191781,0.02557200538358008,0.8000000000000002
234,0.20226936359151457,0.9818941504178273,0.3219178082191781,0.02557200538358008,0.8000000000000002
235,0.09496793290577207,0.9401114206128134,0.18493150684931506,0.014804845222072678,0.9333333333333337
236,0.19708929452392698,0.9401114206128134,0.18493150684931506,0.014804845222072678,0.9333333333333337
237,0.1546620621608288,0.9401114206128134,0.18493150684931506,0.014804845222072678,0.9333333333333337
238,0.28219042920572274,0.9401114206128134,0.18493150684931506,0.014804845222072678,0.9333333333333337
239,0.06438085841144549,0.9401114206128134,0.18493150684931506,0.014804845222072678,0.9333333333333337
240,0.06956092747903306,0.9401114206128134,0.18493150684931506,0.014804845222072678,0.9333333333333337
241,0.09324124321657622,0.9401114206128134,0.18493150684931506,0.014804845222072678,0.9333333333333337
242,0.12062160828811051,0.9401114206128134,0.18493150684931506,0.014804845222072678,0.9333333333333337
243,0.2311297483966453,0.9401114206128134,0.18493150684931506,0.014804845222072678,0.9333333333333337
244,0.14602861371484954,0.9401114206128134,0.18493150684931506,0.014804845222072678,0.9333333333333337
245,0.16329551060680808,0.9401114206128134,0.18493150684931506,0.014804845222072678,0.9333333333333337
246,0.11198815984213123,0.9401114206128134,0.18493150684931506,0.014804845222072678,0.9333333333333337
247,0.14109521460286137,0.9401114206128134,0.18493150684931506,0.014804845222072678,0.9333333333333337
248,0.04760730143068574,1.0,0.23972602739726026,0.018842530282637954,1.0
249,0.03552047360631475,1.0,0.23972602739726026,0.018842530282637954,1.0
250,0.07474099654662063,1.0,0.23972602739726026,0.018842530282637954,1.0
251,0.13936852491366553,1.0,0.23972602739726026,0.018842530282637954,1.0
252,0.1766156882091761,1.0,0.23972602739726026,0.018842530282637954,1.0
253,0.20572274296990625,1.0,0.23972602739726026,0.018842530282637954,1.0
254,0.04736063147508633,1.0,0.23972602739726026,0.018842530282637954,1.0
255,0.06808090774543661,1.0,0.23972602739726026,0.018842530282637954,1.0
256,0.14972866304884064,1.0,0.23972602739726026,0.018842530282637954,1.0
257,0.13418845584607794,1.0,0.23972602739726026,0.018842530282637954,1.0
258,0.09496793290577207,1.0,0.23972602739726026,0.018842530282637954,1.0
259,0.05772076961026147,1.0,0.23972602739726026,0.018842530282637954,1.0
260,0.055994079921065615,1.0,0.23972602739726026,0.018842530282637954,1.0
261,0.07474099654662063,1.0,0.23972602739726026,0.018842530282637954,1.0
262,0.05426739023186976,1.0,0.23972602739726026,0.018842530282637954,1.0
263,0.05772076961026147,1.0,0.23972602739726026,0.018842530282637954,1.0
264,0.09324124321657622,1.0,0.23972602739726026,0.018842530282637954,1.0
265,0.2227429699062654,1.0,0.23972602739726026,0.018842530282637954,1.0
266,0.050814010853478045,1.0,0.23972602739726026,0.018842530282637954,1.0
267,0.055994079921065615,0.9818941504178273,0.2191780821917808,0.018842530282637954,0.8000000000000002
268,0.05944745929945733,0.9818941504178273,0.2191780821917808,0.018842530282637954,0.8000000000000002
269,0.06808090774543661,0.9818941504178273,0.2191780821917808,0.018842530282637954,0.8000000000000002
270,0.06956092747903306,0.9818941504178273,0.2191780821917808,0.018842530282637954,0.8000000000000002
271,0.07819437592501233,0.9818941504178273,0.2191780821917808,0.018842530282637954,0.8000000000000002
272,0.10360138135175136,0.9818941504178273,0.2191780821917808,0.018842530282637954,0.8000000000000002
273,0.05944745929945733,0.9818941504178273,0.2191780821917808,0.018842530282637954,0.8000000000000002
274,0.08140108534780464,0.9818941504178273,0.2191780821917808,0.018842530282637954,0.8000000000000002
275,0.08830784410458806,0.9818941504178273,0.2191780821917808,0.018842530282637954,0.8000000000000002
276,0.07474099654662063,0.9818941504178273,0.2191780821917808,0.018842530282637954,0.8000000000000002
277,0.1018746916625555,0.9818941504178273,0.2191780821917808,0.018842530282637954,0.8000000000000002
278,0.11223482979773064,0.9818941504178273,0.2191780821917808,0.018842530282637954,0.8000000000000002
279,0.06290083867784904,0.9818941504178273,0.2191780821917808,0.018842530282637954,0.8000000000000002
280,0.06980759743463247,0.9818941504178273,0.2191780821917808,0.018842530282637954,0.8000000000000002
281,0.061174148988653185,0.9818941504178273,0.2191780821917808,0.018842530282637954,0.8000000000000002
282,0.06635421805624075,0.9818941504178273,0.2191780821917808,0.018842530282637954,0.8000000000000002
283,0.08312777503700049,0.9818941504178273,0.2191780821917808,0.018842530282637954,0.8000000000000002
284,0.07449432659102122,0.9818941504178273,0.2191780821917808,0.018842530282637954,0.8000000000000002
285,0.08312777503700049,0.9818941504178273,0.2191780821917808,0.018842530282637954,0.8000000000000002
286,0.08485446472619634,0.9818941504178273,0.2191780821917808,0.018842530282637954,0.8000000000000002
287,0.07794770596941293,0.9818941504178273,0.2191780821917808,0.018842530282637954,0.8000000000000002
288,0.08140108534780464,0.9818941504178273,0.2191780821917808,0.018842530282637954,0.8000000000000002
289,0.08830784410458806,0.9818941504178273,0.2191780821917808,0.018842530282637954,0.8000000000000002
290,0.11198815984213123,0.9818941504178273,0.2191780821917808,0.018842530282637954,0.8000000000000002
291,0.11371484953132709,0.9818941504178273,0.2191780821917808,0.018842530282637954,0.8000000000000002
292,0.11544153922052294,0.9818941504178273,0.2191780821917808,0.018842530282637954,0.8000000000000002
293,0.06808090774543661,0.9818941504178273,0.2191780821917808,0.018842530282637954,0.8000000000000002
294,0.08830784410458806,0.9818941504178273,0.2191780821917808,0.018842530282637954,0.8000000000000002
295,0.13936852491366553,0.9818941504178273,0.2191780821917808,0.018842530282637954,0.8000000000000002
296,0.11026147015293537,0.9818941504178273,0.2191780821917808,0.018842530282637954,0.8000000000000002
297,0.1359151455352738,0.9818941504178273,0.2191780821917808,0.018842530282637954,0.8000000000000002
298,0.08312777503700049,0.9818941504178273,0.2191780821917808,0.018842530282637954,0.8000000000000002
299,0.12407498766650223,0.9818941504178273,0.2191780821917808,0.018842530282637954,0.8000000000000002
300,0.09348791317217563,0.9818941504178273,0.2191780821917808,0.018842530282637954,0.8000000000000002
301,0.14627528367044895,0.9818941504178273,0.2191780821917808,0.018842530282637954,0.8000000000000002
302,0.16156882091761224,0.9818941504178273,0.2191780821917808,0.018842530282637954,0.8000000000000002
303,0.1327084361124815,0.9818941504178273,0.2191780821917808,0.018842530282637954,0.8000000000000002
304,0.1785890478539714,0.9818941504178273,0.2191780821917808,0.018842530282637954,0.8000000000000002
305,0.21583621114948198,0.9818941504178273,0.2191780821917808,0.018842530282637954,0.8000000000000002
306,0.16304884065120867,0.9818941504178273,0.2191780821917808,0.018842530282637954,0.8000000000000002
307,0.1973359644795264,0.9818941504178273,0.2191780821917808,0.018842530282637954,0.8000000000000002
308,0.23951652688702516,0.9818941504178273,0.2191780821917808,0.018842530282637954,0.8000000000000002
309,0.21435619141588555,0.9818941504178273,0.2191780821917808,0.018842530282637954,0.8000000000000002
310,0.20572274296990625,0.9818941504178273,0.2191780821917808,0.018842530282637954,0.8000000000000002
311,0.2072027627035027,0.9818941504178273,0.2191780821917808,0.018842530282637954,0.8000000000000002
312,0.16304884065120867,0.9818941504178273,0.2191780821917808,0.018842530282637954,0.8000000000000002
313,0.06956092747903306,0.9818941504178273,0.2191780821917808,0.018842530282637954,0.8000000000000002
314,0.10705476073014307,0.9818941504178273,0.2191780821917808,0.018842530282637954,0.8000000000000002
315,0.07449432659102122,0.9818941504178273,0.2191780821917808,0.018842530282637954,0.8000000000000002
316,0.15293537247163297,0.9818941504178273,0.2191780821917808,0.018842530282637954,0.8000000000000002
317,0.13764183522446966,0.9818941504178273,0.2191780821917808,0.018842530282637954,0.8000000000000002
318,0.12407498766650223,0.9818941504178273,0.2191780821917808,0.018842530282637954,0.8000000000000002
319,0.20892945239269856,0.9818941504178273,0.2191780821917808,0.018842530282637954,0.8000000000000002
320,0.2039960532807104,0.9818941504178273,0.2191780821917808,0.018842530282637954,0.8000000000000002
321,0.18031573754316724,0.9818941504178273,0.2191780821917808,0.018842530282637954,0.8000000000000002
322,0.10878145041933893,0.9818941504178273,0.2191780821917808,0.018842530282637954,0.8000000000000002
323,0.07794770596941293,0.9818941504178273,0.2191780821917808,0.018842530282637954,0.8000000000000002
324,0.08164775530340404,0.9818941504178273,0.2191780821917808,0.018842530282637954,0.8000000000000002
325,0.1018746916625555,0.9818941504178273,0.2191780821917808,0.018842530282637954,0.8000000000000002
326,0.08485446472619634,0.9818941504178273,0.2191780821917808,0.018842530282637954,0.8000000000000002
327,0.10705476073014307,0.9818941504178273,0.2191780821917808,0.018842530282637954,0.8000000000000002
328,0.0865811544153922,0.9818941504178273,0.2191780821917808,0.018842530282637954,0.8000000000000002
329,0.09003453379378391,0.9818941504178273,0.2191780821917808,0.018842530282637954,0.8000000000000002
330,0.11371484953132709,0.9818941504178273,0.2191780821917808,0.018842530282637954,0.8000000000000002
331,0.09669462259496793,0.9818941504178273,0.2191780821917808,0.018842530282637954,0.8000000000000002
332,0.09521460286137148,0.9818941504178273,0.2191780821917808,0.018842530282637954,0.8000000000000002
333,0.27380365071534285,0.9818941504178273,0.2191780821917808,0.018842530282637954,0.8000000000000002
334,0.12407498766650223,0.9818941504178273,0.2191780821917808,0.018842530282637954,0.8000000000000002
335,0.10532807104094721,0.9818941504178273,0.2191780821917808,0.018842530282637954,0.8000000000000002
336,0.16329551060680808,0.13231197771587744,0.0,0.0,0.8666666666666669
337,0.10014800197335964,0.13231197771587744,0.0,0.0,0.8666666666666669
338,0.028860384805130736,0.13231197771587744,0.0,0.0,0.8666666666666669
339,0.0646275283670449,0.13231197771587744,0.0,0.0,0.8666666666666669
340,0.038973852984706465,0.13231197771587744,0.0,0.0,0.8666666666666669
341,0.04760730143068574,0.13231197771587744,0.0,0.0,0.8666666666666669
342,0.0646275283670449,0.13231197771587744,0.0,0.0,0.8666666666666669
343,0.08485446472619634,0.13231197771587744,0.0,0.0,0.8666666666666669
344,0.0525407005426739,0.13231197771587744,0.0,0.0,0.8666666666666669
345,0.03749383325111001,0.13231197771587744,0.0,0.0,0.8666666666666669
346,0.06290083867784904,0.13231197771587744,0.0,0.0,0.8666666666666669
347,0.04242723236309817,0.13231197771587744,0.0,0.0,0.8666666666666669
348,0.06956092747903306,0.13231197771587744,0.0,0.0,0.8666666666666669
349,0.04908732116428219,0.13231197771587744,0.0,0.0,0.8666666666666669
350,0.0646275283670449,0.13231197771587744,0.0,0.0,0.8666666666666669
351,0.0646275283670449,0.13231197771587744,0.0,0.0,0.8666666666666669
352,0.07967439565860879,0.13231197771587744,0.0,0.0,0.8666666666666669
353,0.04242723236309817,0.13231197771587744,0.0,0.0,0.8666666666666669
354,0.061174148988653185,0.13231197771587744,0.0,0.0,0.8666666666666669
355,0.07819437592501233,0.13231197771587744,0.0,0.0,0.8666666666666669
356,0.04908732116428219,0.13231197771587744,0.0,0.0,0.8666666666666669
357,0.07449432659102122,0.13231197771587744,0.0,0.0,0.8666666666666669
358,0.016773556980759743,0.13231197771587744,0.0,0.0,0.8666666666666669
359,0.015046867291563888,0.13231197771587744,0.0,0.0,0.8666666666666669
360,0.021953626048347313,0.13231197771587744,0.0,0.0,0.8666666666666669
361,0.028860384805130736,0.13231197771587744,0.0,0.0,0.8666666666666669
362,0.08510113468179575,0.13231197771587744,0.0,0.0,0.8666666666666669
363,0.06610754810064134,0.13231197771587744,0.0,0.0,0.8666666666666669
364,0.055994079921065615,0.13231197771587744,0.0,0.0,0.8666666666666669
365,0.06980759743463247,0.13231197771587744,0.0,0.0,0.8666666666666669
366,0.09003453379378391,0.13231197771587744,0.0,0.0,0.8666666666666669
367,0.0646275283670449,0.13231197771587744,0.0,0.0,0.8666666666666669
368,0.07622101628021707,0.13231197771587744,0.0,0.0,0.8666666666666669
369,0.06808090774543661,0.13231197771587744,0.0,0.0,0.8666666666666669
370,0.11223482979773064,0.13231197771587744,0.0,0.0,0.8666666666666669
371,0.07646768623581648,0.13231197771587744,0.0,0.0,0.8666666666666669
372,0.08830784410458806,0.13231197771587744,0.0,0.0,0.8666666666666669
373,0.08312777503700049,0.13231197771587744,0.0,0.0,0.8666666666666669
374,0.10705476073014307,0.13231197771587744,0.0,0.0,0.8666666666666669
375,0.13418845584607794,0.13231197771587744,0.0,0.0,0.8666666666666669
376,0.04736063147508633,0.13231197771587744,0.0,0.0,0.8666666666666669
377,0.0,0.13231197771587744,0.0,0.0,0.8666666666666669
378,0.015293537247163296,0.13231197771587744,0.0,0.0,0.8666666666666669
379,0.02220029600394672,0.13231197771587744,0.0,0.0,0.8666666666666669
380,0.028613714849531326,0.13231197771587744,0.0,0.0,0.8666666666666669
381,0.038973852984706465,0.13231197771587744,0.0,0.0,0.8666666666666669
382,0.006660088801184016,0.13231197771587744,0.0,0.0,0.8666666666666669
383,0.028613714849531326,0.13231197771587744,0.0,0.0,0.8666666666666669
384,0.03552047360631475,0.13231197771587744,0.0,0.0,0.8666666666666669
385,0.045880611741489885,0.13231197771587744,0.0,0.0,0.8666666666666669
386,0.05426739023186976,0.13231197771587744,0.0,0.0,0.8666666666666669
387,0.003453379378391712,0.13231197771587744,0.0,0.0,0.8666666666666669
388,0.020473606314750863,0.13231197771587744,0.0,0.0,0.8666666666666669
389,0.02713369511593488,0.13231197771587744,0.0,0.0,0.8666666666666669
390,0.033793783917118896,0.13231197771587744,0.0,0.0,0.8666666666666669
391,0.06265416872224963,0.13231197771587744,0.0,0.0,0.8666666666666669
392,0.14257523433645783,0.13231197771587744,0.0,0.0,0.8666666666666669
393,0.15293537247163297,0.13231197771587744,0.0,0.0,0.8666666666666669
394,0.045880611741489885,0.13231197771587744,0.0,0.0,0.8666666666666669
395,0.15293537247163297,0.13231197771587744,0.0,0.0,0.8666666666666669
396,0.15293537247163297,0.13231197771587744,0.0,0.0,0.8666666666666669
397,0.1973359644795264,0.13231197771587744,0.0,0.0,0.8666666666666669
398,0.1973359644795264,0.13231197771587744,0.0,0.0,0.8666666666666669
399,0.03552047360631475,0.13231197771587744,0.0,0.0,0.8666666666666669
400,0.1512086827824371,0.13231197771587744,0.0,0.0,0.8666666666666669
401,0.14282190429205724,0.13231197771587744,0.0,0.0,0.8666666666666669
402,0.14282190429205724,0.13231197771587744,0.0,0.0,0.8666666666666669
403,0.19388258510113468,0.13231197771587744,0.0,0.0,0.8666666666666669
404,0.19388258510113468,0.13231197771587744,0.0,0.0,0.8666666666666669
405,0.03724716329551061,0.13231197771587744,0.0,0.0,0.8666666666666669
406,0.14948199309324126,0.13231197771587744,0.0,0.0,0.8666666666666669
407,0.14948199309324126,0.13231197771587744,0.0,0.0,0.8666666666666669
408,0.15811544153922052,0.13231197771587744,0.0,0.0,0.8666666666666669
409,0.04070054267390232,0.13231197771587744,0.0,0.0,0.8666666666666669
410,0.18031573754316724,0.13231197771587744,0.0,0.0,0.8666666666666669
411,0.17168228909718797,0.13231197771587744,0.0,0.0,0.8666666666666669
412,0.17168228909718797,0.13231197771587744,0.0,0.0,0.8666666666666669
413,0.19536260483473114,0.13231197771587744,0.0,0.0,0.8666666666666669
414,0.038973852984706465,0.13231197771587744,0.0,0.0,0.8666666666666669
415,0.16304884065120867,0.13231197771587744,0.0,0.0,0.8666666666666669
416,0.15638875185002465,0.13231197771587744,0.0,0.0,0.8666666666666669
417,0.15638875185002465,0.13231197771587744,0.0,0.0,0.8666666666666669
418,0.18006906758756783,0.13231197771587744,0.0,0.0,0.8666666666666669
419,0.18870251603354712,0.13231197771587744,0.0,0.0,0.8666666666666669
420,0.18870251603354712,0.13231197771587744,0.0,0.0,0.8666666666666669
421,0.20744943265910212,0.13231197771587744,0.0,0.0,0.8666666666666669
422,0.13764183522446966,0.13231197771587744,0.0,0.0,0.8666666666666669
423,0.10705476073014307,0.13231197771587744,0.0,0.0,0.8666666666666669
424,0.0897878638381845,0.13231197771587744,0.0,0.0,0.8666666666666669
425,0.12062160828811051,0.13231197771587744,0.0,0.0,0.8666666666666669
426,0.03724716329551061,0.13231197771587744,0.0,0.0,0.8666666666666669
427,0.11050814010853478,0.13231197771587744,0.0,0.0,0.8666666666666669
428,0.12580167735569808,0.13231197771587744,0.0,0.0,0.8666666666666669
429,0.12580167735569808,0.13231197771587744,0.0,0.0,0.8666666666666669
430,0.1512086827824371,0.13231197771587744,0.0,0.0,0.8666666666666669
431,0.14972866304884064,0.13231197771587744,0.0,0.0,0.8666666666666669
432,0.17513566847557968,0.13231197771587744,0.0,0.0,0.8666666666666669
433,0.17513566847557968,0.13231197771587744,0.0,0.0,0.8666666666666669
434,0.19042920572274297,0.13231197771587744,0.0,0.0,0.8666666666666669
435,0.013320177602368031,0.13231197771587744,0.0,0.0,0.8666666666666669
436,0.038973852984706465,0.13231197771587744,0.0,0.0,0.8666666666666669
437,0.0493339911198816,0.13231197771587744,0.0,0.0,0.8666666666666669
438,0.06265416872224963,0.13231197771587744,0.0,0.0,0.8666666666666669
439,0.07128761716822891,0.13231197771587744,0.0,0.0,0.8666666666666669
440,0.013320177602368031,0.13231197771587744,0.0,0.0,0.8666666666666669
441,0.038973852984706465,0.13231197771587744,0.0,0.0,0.8666666666666669
442,0.0493339911198816,0.13231197771587744,0.0,0.0,0.8666666666666669
443,0.06265416872224963,0.13231197771587744,0.0,0.0,0.8666666666666669
444,0.07128761716822891,0.13231197771587744,0.0,0.0,0.8666666666666669
445,0.03724716329551061,0.13231197771587744,0.0,0.0,0.8666666666666669
446,0.07128761716822891,0.13231197771587744,0.0,0.0,0.8666666666666669
447,0.08485446472619634,0.13231197771587744,0.0,0.0,0.8666666666666669
448,0.09694129255056734,0.13231197771587744,0.0,0.0,0.8666666666666669
449,0.10705476073014307,0.13231197771587744,0.0,0.0,0.8666666666666669
450,0.03724716329551061,0.13231197771587744,0.0,0.0,0.8666666666666669
451,0.07128761716822891,0.13231197771587744,0.0,0.0,0.8666666666666669
452,0.08485446472619634,0.13231197771587744,0.0,0.0,0.8666666666666669
453,0.09694129255056734,0.13231197771587744,0.0,0.0,0.8666666666666669
454,0.10705476073014307,0.13231197771587744,0.0,0.0,0.8666666666666669
455,0.0185002466699556,0.13231197771587744,0.0,0.0,0.8666666666666669
456,0.045880611741489885,0.13231197771587744,0.0,0.0,0.8666666666666669
457,0.055994079921065615,0.13231197771587744,0.0,0.0,0.8666666666666669
458,0.06610754810064134,0.13231197771587744,0.0,0.0,0.8666666666666669
459,0.07646768623581648,0.13231197771587744,0.0,0.0,0.8666666666666669
460,0.05944745929945733,0.13231197771587744,0.0,0.0,0.8666666666666669
461,0.14775530340404538,0.13231197771587744,0.0,0.0,0.8666666666666669
462,0.016773556980759743,0.13231197771587744,0.0,0.0,0.8666666666666669
463,0.04242723236309817,0.13231197771587744,0.0,0.0,0.8666666666666669
464,0.05278737049827331,0.13231197771587744,0.0,0.0,0.8666666666666669
465,0.06265416872224963,0.13231197771587744,0.0,0.0,0.8666666666666669
466,0.07301430685742477,0.13231197771587744,0.0,0.0,0.8666666666666669
467,0.038973852984706465,0.13231197771587744,0.0,0.0,0.8666666666666669
468,0.0493339911198816,0.13231197771587744,0.0,0.0,0.8666666666666669
469,0.060927479033053775,0.13231197771587744,0.0,0.0,0.8666666666666669
470,0.07128761716822891,0.13231197771587744,0.0,0.0,0.8666666666666669
471,0.025407005426739022,0.13231197771587744,0.0,0.0,0.8666666666666669
472,0.05426739023186976,0.13231197771587744,0.0,0.0,0.8666666666666669
473,0.06438085841144549,0.13231197771587744,0.0,0.0,0.8666666666666669
474,0.07128761716822891,0.13231197771587744,0.0,0.0,0.8666666666666669
475,0.07992106561420818,0.13231197771587744,0.0,0.0,0.8666666666666669
476,0.045880611741489885,0.13231197771587744,0.0,0.0,0.8666666666666669
477,0.07992106561420818,0.13231197771587744,0.0,0.0,0.8666666666666669
478,0.09348791317217563,0.13231197771587744,0.0,0.0,0.8666666666666669
479,0.10360138135175136,0.13231197771587744,0.0,0.0,0.8666666666666669
480,0.11050814010853478,0.13231197771587744,0.0,0.0,0.8666666666666669
481,0.08510113468179575,0.13231197771587744,0.0,0.0,0.8666666666666669
482,0.18352244696595954,0.13231197771587744,0.0,0.0,0.8666666666666669
483,0.16329551060680808,0.13231197771587744,0.0,0.0,0.8666666666666669
484,0.0833744449925999,0.13231197771587744,0.0,0.0,0.8666666666666669
485,0.11050814010853478,0.13231197771587744,0.0,0.0,0.8666666666666669
486,0.11050814010853478,0.13231197771587744,0.0,0.0,0.8666666666666669
487,0.06956092747903306,0.13231197771587744,0.0,0.0,0.8666666666666669
488,0.0986679822397632,0.13231197771587744,0.0,0.0,0.8666666666666669
489,0.11889491859891466,0.13231197771587744,0.0,0.0,0.8666666666666669
490,0.07474099654662063,0.13231197771587744,0.0,0.0,0.8666666666666669
491,0.0986679822397632,0.13231197771587744,0.0,0.0,0.8666666666666669
492,0.06438085841144549,0.13231197771587744,0.0,0.0,0.8666666666666669
493,0.09348791317217563,0.13231197771587744,0.0,0.0,0.8666666666666669
494,0.10384805130735077,0.13231197771587744,0.0,0.0,0.8666666666666669
495,0.11371484953132709,0.13231197771587744,0.0,0.0,0.8666666666666669
496,0.12407498766650223,0.13231197771587744,0.0,0.0,0.8666666666666669
497,0.06438085841144549,0.13231197771587744,0.0,0.0,0.8666666666666669
498,0.07622101628021707,0.13231197771587744,0.0,0.0,0.8666666666666669
499,0.10532807104094721,0.13231197771587744,0.0,0.0,0.8666666666666669
500,0.10532807104094721,0.13231197771587744,0.0,0.0,0.8666666666666669
501,0.06438085841144549,0.13231197771587744,0.0,0.0,0.8666666666666669
502,0.09348791317217563,0.13231197771587744,0.0,0.0,0.8666666666666669
503,0.10384805130735077,0.13231197771587744,0.0,0.0,0.8666666666666669
504,0.11371484953132709,0.13231197771587744,0.0,0.0,0.8666666666666669
505,0.12407498766650223,0.13231197771587744,0.0,0.0,0.8666666666666669
506,0.06438085841144549,0.13231197771587744,0.0,0.0,0.8666666666666669
507,0.06610754810064134,0.13231197771587744,0.0,0.0,0.8666666666666669
508,0.09521460286137148,0.13231197771587744,0.0,0.0,0.8666666666666669
509,0.11026147015293537,0.13231197771587744,0.0,0.0,0.8666666666666669
510,0.08485446472619634,0.13231197771587744,0.0,0.0,0.8666666666666669
511,0.0678342377898372,0.13231197771587744,0.0,0.0,0.8666666666666669
512,0.09176122348297977,0.13231197771587744,0.0,0.0,0.8666666666666669
513,0.09324124321657622,0.13231197771587744,0.0,0.0,0.8666666666666669
514,0.12580167735569808,0.13231197771587744,0.0,0.0,0.8666666666666669
515,0.12580167735569808,0.13231197771587744,0.0,0.0,0.8666666666666669
516,0.020226936359151456,0.13231197771587744,0.0,0.0,0.8666666666666669
517,0.05944745929945733,0.13231197771587744,0.0,0.0,0.8666666666666669
518,0.07301430685742477,0.13231197771587744,0.0,0.0,0.8666666666666669
519,0.07301430685742477,0.13231197771587744,0.0,0.0,0.8666666666666669
520,0.045880611741489885,0.13231197771587744,0.0,0.0,0.8666666666666669
521,0.07992106561420818,0.13231197771587744,0.0,0.0,0.8666666666666669
522,0.09348791317217563,0.13231197771587744,0.0,0.0,0.8666666666666669
523,0.10360138135175136,0.13231197771587744,0.0,0.0,0.8666666666666669
524,0.11050814010853478,0.13231197771587744,0.0,0.0,0.8666666666666669
525,0.0493339911198816,0.13231197771587744,0.0,0.0,0.8666666666666669
526,0.06438085841144549,0.13231197771587744,0.0,0.0,0.8666666666666669
527,0.06438085841144549,0.13231197771587744,0.0,0.0,0.8666666666666669
528,0.020226936359151456,0.13231197771587744,0.0,0.0,0.8666666666666669
529,0.07128761716822891,0.13231197771587744,0.0,0.0,0.8666666666666669
530,0.07128761716822891,0.13231197771587744,0.0,0.0,0.8666666666666669
531,0.12062160828811051,0.13231197771587744,0.0,0.0,0.8666666666666669
532,0.12062160828811051,0.13231197771587744,0.0,0.0,0.8666666666666669
533,0.016773556980759743,0.13231197771587744,0.0,0.0,0.8666666666666669
534,0.0646275283670449,0.13231197771587744,0.0,0.0,0.8666666666666669
535,0.0646275283670449,0.13231197771587744,0.0,0.0,0.8666666666666669
536,0.11050814010853478,0.13231197771587744,0.0,0.0,0.8666666666666669
537,0.11050814010853478,0.13231197771587744,0.0,0.0,0.8666666666666669
538,0.010113468179575728,0.13231197771587744,0.0,0.0,0.8666666666666669
539,0.03576714356191416,0.13231197771587744,0.0,0.0,0.8666666666666669
540,0.04070054267390232,0.13231197771587744,0.0,0.0,0.8666666666666669
541,0.05772076961026147,0.13231197771587744,0.0,0.0,0.8666666666666669
542,0.08830784410458806,0.13231197771587744,0.0,0.0,0.8666666666666669
543,0.09842131228416379,0.13231197771587744,0.0,0.0,0.8666666666666669
544,0.07301430685742477,0.13231197771587744,0.0,0.0,0.8666666666666669
545,0.1139615194869265,0.13231197771587744,0.0,0.0,0.8666666666666669
546,0.034040453872718306,0.13231197771587744,0.0,0.0,0.8666666666666669
547,0.11568820917612235,0.13231197771587744,0.0,0.0,0.8666666666666669
548,0.11568820917612235,0.13231197771587744,0.0,0.0,0.8666666666666669
549,0.16156882091761224,0.13231197771587744,0.0,0.0,0.8666666666666669
550,0.16156882091761224,0.13231197771587744,0.0,0.0,0.8666666666666669
551,0.15638875185002465,0.13231197771587744,0.0,0.0,0.8666666666666669
552,0.018746916625555006,0.13231197771587744,0.0,0.0,0.8666666666666669
553,0.07819437592501233,0.13231197771587744,0.0,0.0,0.8666666666666669
554,0.16822890971879625,0.13231197771587744,0.0,0.0,0.8666666666666669
555,0.07474099654662063,0.13231197771587744,0.0,0.0,0.8666666666666669
556,0.12234829797730637,0.13231197771587744,0.0,0.0,0.8666666666666669
557,0.03576714356191416,0.13231197771587744,0.0,0.0,0.8666666666666669
558,0.05772076961026147,0.13231197771587744,0.0,0.0,0.8666666666666669
559,0.08830784410458806,0.13231197771587744,0.0,0.0,0.8666666666666669
560,0.21410952146028614,0.13231197771587744,0.0,0.0,0.8666666666666669
561,0.21065614208189443,0.13231197771587744,0.0,0.0,0.8666666666666669
562,0.20547607301430687,0.13231197771587744,0.0,0.0,0.8666666666666669
563,0.22101628021706957,0.13231197771587744,0.0,0.0,0.8666666666666669
564,0.23310310804144055,0.13231197771587744,0.0,0.0,0.8666666666666669
565,0.05772076961026147,0.13231197771587744,0.0,0.0,0.8666666666666669
566,0.24124321657622103,0.13231197771587744,0.0,0.0,0.8666666666666669
567,0.24124321657622103,0.13231197771587744,0.0,0.0,0.8666666666666669
568,0.05451406018746917,0.13231197771587744,0.0,0.0,0.8666666666666669
569,0.2192895905278737,0.13231197771587744,0.0,0.0,0.8666666666666669
570,0.2192895905278737,0.13231197771587744,0.0,0.0,0.8666666666666669
571,0.05772076961026147,0.13231197771587744,0.0,0.0,0.8666666666666669
572,0.2585101134681796,0.13231197771587744,0.0,0.0,0.8666666666666669
573,0.2585101134681796,0.13231197771587744,0.0,0.0,0.8666666666666669
574,0.24124321657622103,0.13231197771587744,0.0,0.0,0.8666666666666669
575,0.24124321657622103,0.13231197771587744,0.0,0.0,0.8666666666666669
576,0.05451406018746917,0.13231197771587744,0.0,0.0,0.8666666666666669
577,0.234583127775037,0.13231197771587744,0.0,0.0,0.8666666666666669
578,0.234583127775037,0.13231197771587744,0.0,0.0,0.8666666666666669
579,0.028860384805130736,0.13231197771587744,0.0,0.0,0.8666666666666669
580,0.08164775530340404,0.0,0.0,0.0,0.8666666666666669
581,0.06808090774543661,0.0,0.0,0.0,0.8666666666666669
582,0.0646275283670449,0.0,0.0,0.0,0.8666666666666669
583,0.07992106561420818,0.0,0.0,0.0,0.8666666666666669
584,0.07992106561420818,0.0,0.0,0.0,0.8666666666666669
585,0.08164775530340404,0.0,0.0,0.0,0.8666666666666669
586,0.04242723236309817,0.0,0.0,0.0,0.8666666666666669
587,0.055994079921065615,0.0,0.0,0.0,0.8666666666666669
588,0.04415392205229403,0.0,0.0,0.0,0.8666666666666669
589,0.033793783917118896,0.0,0.0,0.0,0.8666666666666669
590,0.08830784410458806,0.0,0.0,0.0,0.8666666666666669
591,0.09521460286137148,0.0,0.0,0.0,0.8666666666666669
592,0.061174148988653185,0.0,0.0,0.0,0.8666666666666669
593,0.09842131228416379,0.0,0.0,0.0,0.8666666666666669
594,0.07301430685742477,0.0,0.0,0.0,0.8666666666666669
595,0.061174148988653185,0.0,0.0,0.0,0.8666666666666669
596,0.10014800197335964,0.0,0.0,0.0,0.8666666666666669
597,0.09348791317217563,0.0,0.0,0.0,0.8666666666666669
598,0.07301430685742477,0.0,0.0,0.0,0.8666666666666669
599,0.07301430685742477,0.0,0.0,0.0,0.8666666666666669
600,0.07301430685742477,0.0,0.0,0.0,0.8666666666666669
601,0.06290083867784904,0.0,0.0,0.0,0.8666666666666669
602,0.06290083867784904,0.0,0.0,0.0,0.8666666666666669
603,0.06290083867784904,0.0,0.0,0.0,0.8666666666666669
604,0.07128761716822891,0.0,0.0,0.0,0.8666666666666669
605,0.09003453379378391,0.0,0.0,0.0,0.8666666666666669
606,0.09003453379378391,0.0,0.0,0.0,0.8666666666666669
607,0.10878145041933893,0.0,0.0,0.0,0.8666666666666669
608,0.13764183522446966,0.0,0.0,0.0,0.8666666666666669
609,0.10384805130735077,0.0,0.0,0.0,0.8666666666666669
610,0.08312777503700049,0.0,0.0,0.0,0.8666666666666669
611,0.10705476073014307,0.0,0.0,0.0,0.8666666666666669
612,0.1327084361124815,0.0,0.0,0.0,0.8666666666666669
613,0.10212136161815491,0.0,0.0,0.0,0.8666666666666669
614,0.10212136161815491,0.0,0.0,0.0,0.8666666666666669
615,0.09176122348297977,0.0,0.0,0.0,0.8666666666666669
616,0.07622101628021707,0.0,0.0,0.0,0.8666666666666669
617,0.1265416872224963,0.850974930362117,0.910958904109589,0.07267833109017496,0.6666666666666666
618,0.1203749383325111,0.850974930362117,0.910958904109589,0.07267833109017496,0.6666666666666666
619,0.21780957079427726,0.850974930362117,0.910958904109589,0.07267833109017496,0.6666666666666666
620,0.11174148988653182,0.850974930362117,0.910958904109589,0.07267833109017496,0.6666666666666666
621,0.1018746916625555,0.850974930362117,0.910958904109589,0.07267833109017496,0.6666666666666666
622,0.09447459299457327,0.850974930362117,0.910958904109589,0.07267833109017496,0.6666666666666666
623,0.1203749383325111,0.850974930362117,0.910958904109589,0.07267833109017496,0.6666666666666666
624,0.1203749383325111,0.850974930362117,0.910958904109589,0.07267833109017496,0.6666666666666666
625,0.11544153922052294,0.850974930362117,0.910958904109589,0.07267833109017496,0.6666666666666666
626,0.11544153922052294,0.850974930362117,0.910958904109589,0.07267833109017496,0.6666666666666666
627,0.11544153922052294,0.850974930362117,0.910958904109589,0.07267833109017496,0.6666666666666666
628,0.11544153922052294,0.850974930362117,0.910958904109589,0.07267833109017496,0.6666666666666666
629,0.1327084361124815,0.850974930362117,0.910958904109589,0.07267833109017496,0.6666666666666666
630,0.14257523433645783,0.850974930362117,0.910958904109589,0.07267833109017496,0.6666666666666666
631,0.14257523433645783,0.850974930362117,0.910958904109589,0.07267833109017496,0.6666666666666666
632,0.14257523433645783,0.850974930362117,0.910958904109589,0.07267833109017496,0.6666666666666666
633,0.1820424272323631,0.850974930362117,0.910958904109589,0.07267833109017496,0.6666666666666666
634,0.1820424272323631,0.850974930362117,0.910958904109589,0.07267833109017496,0.6666666666666666
635,0.1820424272323631,0.850974930362117,0.910958904109589,0.07267833109017496,0.6666666666666666
636,0.1820424272323631,0.850974930362117,0.910958904109589,0.07267833109017496,0.6666666666666666
637,0.14010853478046373,0.850974930362117,0.910958904109589,0.07267833109017496,0.6666666666666666
638,0.18697582634435125,0.850974930362117,0.910958904109589,0.07267833109017496,0.6666666666666666
639,0.16230883078441047,0.850974930362117,0.910958904109589,0.07267833109017496,0.6666666666666666
640,0.19684262456832757,0.850974930362117,0.910958904109589,0.07267833109017496,0.6666666666666666
641,0.23384311790823878,0.850974930362117,0.910958904109589,0.07267833109017496,0.6666666666666666
642,0.15367538233843117,0.850974930362117,0.910958904109589,0.07267833109017496,0.6666666666666666
643,0.16847557967439566,0.850974930362117,0.910958904109589,0.07267833109017496,0.6666666666666666
644,0.1635421805624075,0.850974930362117,0.910958904109589,0.07267833109017496,0.6666666666666666
645,0.17834237789837198,0.850974930362117,0.910958904109589,0.07267833109017496,0.6666666666666666
646,0.19807597434632462,0.850974930362117,0.910958904109589,0.07267833109017496,0.6666666666666666
647,0.21780957079427726,0.850974930362117,0.910958904109589,0.07267833109017496,0.6666666666666666
648,0.23014306857424766,0.850974930362117,0.910958904109589,0.07267833109017496,0.6666666666666666
649,0.24247656635421805,0.850974930362117,0.910958904109589,0.07267833109017496,0.6666666666666666
650,0.2622101628021707,0.850974930362117,0.910958904109589,0.07267833109017496,0.6666666666666666
651,0.2819437592501233,0.850974930362117,0.910958904109589,0.07267833109017496,0.6666666666666666
652,0.30167735569807597,0.850974930362117,0.910958904109589,0.07267833109017496,0.6666666666666666
653,0.16107548100641342,0.850974930362117,0.910958904109589,0.07267833109017496,0.6666666666666666
654,0.26961026147015293,0.850974930362117,0.910958904109589,0.07267833109017496,0.6666666666666666
655,0.20300937345831277,0.850974930362117,0.910958904109589,0.07267833109017496,0.6666666666666666
656,0.31894425259003456,0.850974930362117,0.910958904109589,0.07267833109017496,0.6666666666666666
657,0.34114454859398124,0.850974930362117,0.910958904109589,0.07267833109017496,0.6666666666666666
658,0.3608781450419339,0.850974930362117,0.910958904109589,0.07267833109017496,0.6666666666666666
659,0.36581154415392203,0.850974930362117,0.910958904109589,0.07267833109017496,0.6666666666666666
660,0.38554514060187467,0.850974930362117,0.910958904109589,0.07267833109017496,0.6666666666666666
661,0.1512086827824371,0.850974930362117,0.910958904109589,0.07267833109017496,0.6666666666666666
662,0.15984213122841637,0.850974930362117,0.910958904109589,0.07267833109017496,0.6666666666666666
663,0.3214109521460286,0.850974930362117,0.910958904109589,0.07267833109017496,0.6666666666666666
664,0.35841144548593984,0.850974930362117,0.910958904109589,0.07267833109017496,0.6666666666666666
665,0.41267883571780956,0.850974930362117,0.910958904109589,0.07267833109017496,0.6666666666666666
666,0.1820424272323631,0.850974930362117,0.910958904109589,0.07267833109017496,0.6666666666666666
667,0.1820424272323631,0.850974930362117,0.910958904109589,0.07267833109017496,0.6666666666666666
668,0.37074494326591023,0.850974930362117,0.910958904109589,0.07267833109017496,0.6666666666666666
669,0.16847557967439566,0.850974930362117,0.910958904109589,0.07267833109017496,0.6666666666666666
670,0.18080907745436606,0.850974930362117,0.910958904109589,0.07267833109017496,0.6666666666666666
671,0.3275777010360138,0.850974930362117,0.910958904109589,0.07267833109017496,0.6666666666666666
672,0.18450912678835718,0.850974930362117,0.910958904109589,0.07267833109017496,0.6666666666666666
673,0.46941292550567343,0.850974930362117,0.910958904109589,0.07267833109017496,0.6666666666666666
674,0.5434139121854958,0.850974930362117,0.910958904109589,0.07267833109017496,0.6666666666666666
675,0.20300937345831277,0.850974930362117,0.910958904109589,0.07267833109017496,0.6666666666666666
676,0.2881105081401085,0.850974930362117,0.910958904109589,0.07267833109017496,0.6666666666666666
677,0.13147508633448446,0.850974930362117,0.910958904109589,0.07267833109017496,0.6666666666666666
678,0.24740996546620622,0.850974930362117,0.910958904109589,0.07267833109017496,0.6666666666666666
679,0.27207696102614704,0.850974930362117,0.910958904109589,0.07267833109017496,0.6666666666666666
680,0.3460779477059694,0.850974930362117,0.910958904109589,0.07267833109017496,0.6666666666666666
681,0.13394178589047853,0.850974930362117,0.910958904109589,0.07267833109017496,0.6666666666666666
682,0.3214109521460286,0.850974930362117,0.910958904109589,0.07267833109017496,0.6666666666666666
683,0.14627528367044895,0.850974930362117,0.910958904109589,0.07267833109017496,0.6666666666666666
684,0.14627528367044895,0.850974930362117,0.910958904109589,0.07267833109017496,0.6666666666666666
685,0.14627528367044895,0.850974930362117,0.910958904109589,0.07267833109017496,0.6666666666666666
686,0.13394178589047853,0.850974930362117,0.910958904109589,0.07267833109017496,0.6666666666666666
687,0.17834237789837198,0.850974930362117,0.910958904109589,0.07267833109017496,0.6666666666666666
688,0.14874198322644303,0.850974930362117,0.910958904109589,0.07267833109017496,0.6666666666666666
689,0.14874198322644303,0.850974930362117,0.910958904109589,0.07267833109017496,0.6666666666666666
690,0.14874198322644303,0.850974930362117,0.910958904109589,0.07267833109017496,0.6666666666666666
691,0.14874198322644303,0.850974930362117,0.910958904109589,0.07267833109017496,0.6666666666666666
692,0.14874198322644303,0.850974930362117,0.910958904109589,0.07267833109017496,0.6666666666666666
693,0.1882091761223483,0.850974930362117,0.910958904109589,0.07267833109017496,0.6666666666666666
694,0.1882091761223483,0.850974930362117,0.910958904109589,0.07267833109017496,0.6666666666666666
695,0.24740996546620622,0.850974930362117,0.910958904109589,0.07267833109017496,0.6666666666666666
696,0.2227429699062654,0.850974930362117,0.910958904109589,0.07267833109017496,0.6666666666666666
697,0.05007400098667982,0.7534818941504178,0.0821917808219178,0.010767160161507403,0.3333333333333333
698,0.17834237789837198,0.7534818941504178,0.6575342465753424,0.059219380888290714,0.0
699,0.11914158855451407,0.7534818941504178,0.5958904109589042,0.05114401076716016,0.46666666666666684
700,0.1820424272323631,0.850974930362117,0.910958904109589,0.07267833109017496,0.6666666666666666
701,0.17710902812037493,0.850974930362117,0.910958904109589,0.07267833109017496,0.6666666666666666
702,0.20917612234829797,0.850974930362117,0.910958904109589,0.07267833109017496,0.6666666666666666
703,0.10434139121854959,0.850974930362117,0.910958904109589,0.07267833109017496,0.6666666666666666
704,0.09447459299457327,0.850974930362117,0.910958904109589,0.07267833109017496,0.6666666666666666
705,0.11174148988653182,0.850974930362117,0.910958904109589,0.07267833109017496,0.6666666666666666
706,0.10557474099654662,0.850974930362117,0.910958904109589,0.07267833109017496,0.6666666666666666
707,0.15614208189442527,0.850974930362117,0.910958904109589,0.07267833109017496,0.6666666666666666
708,0.11790823877651702,0.850974930362117,0.910958904109589,0.07267833109017496,0.6666666666666666
709,0.1203749383325111,0.850974930362117,0.910958904109589,0.07267833109017496,0.6666666666666666
710,0.11544153922052294,0.850974930362117,0.910958904109589,0.07267833109017496,0.6666666666666666
711,0.17094227923038974,0.850974930362117,0.910958904109589,0.07267833109017496,0.6666666666666666
712,0.11544153922052294,0.850974930362117,0.910958904109589,0.07267833109017496,0.6666666666666666
713,0.11544153922052294,0.850974930362117,0.910958904109589,0.07267833109017496,0.6666666666666666
714,0.14010853478046373,0.850974930362117,0.910958904109589,0.07267833109017496,0.6666666666666666
715,0.14257523433645783,0.850974930362117,0.910958904109589,0.07267833109017496,0.6666666666666666
716,0.1450419338924519,0.850974930362117,0.910958904109589,0.07267833109017496,0.6666666666666666
717,0.14257523433645783,0.850974930362117,0.910958904109589,0.07267833109017496,0.6666666666666666
718,0.16230883078441047,0.850974930362117,0.910958904109589,0.07267833109017496,0.6666666666666666
719,0.1820424272323631,0.850974930362117,0.910958904109589,0.07267833109017496,0.6666666666666666
720,0.18450912678835718,0.850974930362117,0.910958904109589,0.07267833109017496,0.6666666666666666
721,0.2375431672422299,0.850974930362117,0.910958904109589,0.07267833109017496,0.6666666666666666
722,0.19684262456832757,0.850974930362117,0.910958904109589,0.07267833109017496,0.6666666666666666
723,0.2289097187962506,0.850974930362117,0.910958904109589,0.07267833109017496,0.6666666666666666
724,0.15244203256043415,0.850974930362117,0.910958904109589,0.07267833109017496,0.6666666666666666
725,0.17094227923038974,0.850974930362117,0.910958904109589,0.07267833109017496,0.6666666666666666
726,0.1734089787863838,0.850974930362117,0.910958904109589,0.07267833109017496,0.6666666666666666
727,0.17834237789837198,0.850974930362117,0.910958904109589,0.07267833109017496,0.6666666666666666
728,0.19807597434632462,0.850974930362117,0.910958904109589,0.07267833109017496,0.6666666666666666
729,0.2153428712382832,0.850974930362117,0.910958904109589,0.07267833109017496,0.6666666666666666
730,0.20794277257030094,0.850974930362117,0.910958904109589,0.07267833109017496,0.6666666666666666
731,0.23014306857424766,0.850974930362117,0.910958904109589,0.07267833109017496,0.6666666666666666
732,0.18697582634435125,0.850974930362117,0.910958904109589,0.07267833109017496,0.6666666666666666
733,0.24247656635421805,0.850974930362117,0.910958904109589,0.07267833109017496,0.6666666666666666
734,0.24000986679822398,0.850974930362117,0.910958904109589,0.07267833109017496,0.6666666666666666
735,0.2622101628021707,0.850974930362117,0.910958904109589,0.07267833109017496,0.6666666666666666
736,0.2523433645781944,0.850974930362117,0.910958904109589,0.07267833109017496,0.6666666666666666
737,0.2844104588061174,0.850974930362117,0.910958904109589,0.07267833109017496,0.6666666666666666
738,0.24247656635421805,0.850974930362117,0.910958904109589,0.07267833109017496,0.6666666666666666
739,0.30167735569807597,0.850974930362117,0.910958904109589,0.07267833109017496,0.6666666666666666
740,0.30167735569807597,0.850974930362117,0.910958904109589,0.07267833109017496,0.6666666666666666
741,0.16107548100641342,0.850974930362117,0.910958904109589,0.07267833109017496,0.6666666666666666
742,0.26714356191415883,0.850974930362117,0.910958904109589,0.07267833109017496,0.6666666666666666
743,0.20547607301430687,0.850974930362117,0.910958904109589,0.07267833109017496,0.6666666666666666
744,0.31894425259003456,0.850974930362117,0.910958904109589,0.07267833109017496,0.6666666666666666
745,0.34114454859398124,0.850974930362117,0.910958904109589,0.07267833109017496,0.6666666666666666
746,0.34114454859398124,0.850974930362117,0.910958904109589,0.07267833109017496,0.6666666666666666
747,0.7160828811050814,0.850974930362117,0.910958904109589,0.07267833109017496,0.6666666666666666
748,0.3362111494819931,0.850974930362117,0.910958904109589,0.07267833109017496,0.6666666666666666
749,0.3608781450419339,0.850974930362117,0.910958904109589,0.07267833109017496,0.6666666666666666
750,0.35841144548593984,0.850974930362117,0.910958904109589,0.07267833109017496,0.6666666666666666
751,0.34114454859398124,0.850974930362117,0.910958904109589,0.07267833109017496,0.6666666666666666
752,0.3571780957079428,0.850974930362117,0.910958904109589,0.07267833109017496,0.6666666666666666
753,0.6470152935372472,0.850974930362117,0.910958904109589,0.07267833109017496,0.6666666666666666
754,0.36581154415392203,0.850974930362117,0.910958904109589,0.07267833109017496,0.6666666666666666
755,0.38554514060187467,0.850974930362117,0.910958904109589,0.07267833109017496,0.6666666666666666
756,0.6050814010853478,0.850974930362117,0.910958904109589,0.07267833109017496,0.6666666666666666
757,0.1512086827824371,0.850974930362117,0.910958904109589,0.07267833109017496,0.6666666666666666
758,0.15984213122841637,0.850974930362117,0.910958904109589,0.07267833109017496,0.6666666666666666
759,0.1820424272323631,0.850974930362117,0.910958904109589,0.07267833109017496,0.6666666666666666
760,0.3214109521460286,0.850974930362117,0.910958904109589,0.07267833109017496,0.6666666666666666
761,0.35841144548593984,0.850974930362117,0.910958904109589,0.07267833109017496,0.6666666666666666
762,0.4077454366058214,0.850974930362117,0.910958904109589,0.07267833109017496,0.6666666666666666
763,0.4052787370498273,0.850974930362117,0.910958904109589,0.07267833109017496,0.6666666666666666
764,0.363344844597928,0.850974930362117,0.910958904109589,0.07267833109017496,0.6666666666666666
765,0.3214109521460286,0.850974930362117,0.910958904109589,0.07267833109017496,0.6666666666666666
766,0.42747903305377405,0.850974930362117,0.910958904109589,0.07267833109017496,0.6666666666666666
767,0.42747903305377405,0.850974930362117,0.910958904109589,0.07267833109017496,0.6666666666666666
768,0.6050814010853478,0.850974930362117,0.910958904109589,0.07267833109017496,0.6666666666666666
769,0.16847557967439566,0.850974930362117,0.910958904109589,0.07267833109017496,0.6666666666666666
770,0.3867784903798717,0.850974930362117,0.910958904109589,0.07267833109017496,0.6666666666666666
771,0.5335471139615194,0.850974930362117,0.910958904109589,0.07267833109017496,0.6666666666666666
772,0.4077454366058214,0.850974930362117,0.910958904109589,0.07267833109017496,0.6666666666666666
773,0.43611248149975335,0.850974930362117,0.910958904109589,0.07267833109017496,0.6666666666666666
774,0.18450912678835718,0.850974930362117,0.910958904109589,0.07267833109017496,0.6666666666666666
775,0.46941292550567343,0.850974930362117,0.910958904109589,0.07267833109017496,0.6666666666666666
776,0.5434139121854958,0.850974930362117,0.910958904109589,0.07267833109017496,0.6666666666666666
777,0.20300937345831277,0.850974930362117,0.910958904109589,0.07267833109017496,0.6666666666666666
778,0.2881105081401085,0.850974930362117,0.910958904109589,0.07267833109017496,0.6666666666666666
779,0.13640848544647263,0.850974930362117,0.910958904109589,0.07267833109017496,0.6666666666666666
780,0.15367538233843117,0.850974930362117,0.910958904109589,0.07267833109017496,0.6666666666666666
781,0.22767636901825358,0.850974930362117,0.910958904109589,0.07267833109017496,0.6666666666666666
782,0.24740996546620622,0.850974930362117,0.910958904109589,0.07267833109017496,0.6666666666666666
783,0.3214109521460286,0.850974930362117,0.910958904109589,0.07267833109017496,0.6666666666666666
784,0.37074494326591023,0.850974930362117,0.910958904109589,0.07267833109017496,0.6666666666666666
785,0.13640848544647263,0.850974930362117,0.910958904109589,0.07267833109017496,0.6666666666666666
786,0.2967439565860878,0.850974930362117,0.910958904109589,0.07267833109017496,0.6666666666666666
787,0.4200789343857918,0.850974930362117,0.910958904109589,0.07267833109017496,0.6666666666666666
788,0.14750863344844597,0.850974930362117,0.910958904109589,0.07267833109017496,0.6666666666666666
789,0.14750863344844597,0.850974930362117,0.910958904109589,0.07267833109017496,0.6666666666666666
790,0.14874198322644303,0.850974930362117,0.910958904109589,0.07267833109017496,0.6666666666666666
791,0.13394178589047853,0.850974930362117,0.910958904109589,0.07267833109017496,0.6666666666666666
792,0.17834237789837198,0.850974930362117,0.910958904109589,0.07267833109017496,0.6666666666666666
793,0.15244203256043415,0.850974930362117,0.910958904109589,0.07267833109017496,0.6666666666666666
794,0.1512086827824371,0.850974930362117,0.910958904109589,0.07267833109017496,0.6666666666666666
795,0.14380858411445485,0.850974930362117,0.910958904109589,0.07267833109017496,0.6666666666666666
796,0.14380858411445485,0.850974930362117,0.910958904109589,0.07267833109017496,0.6666666666666666
797,0.15244203256043415,0.850974930362117,0.910958904109589,0.07267833109017496,0.6666666666666666
798,0.1882091761223483,0.850974930362117,0.910958904109589,0.07267833109017496,0.6666666666666666
799,0.19190922545633943,0.850974930362117,0.910958904109589,0.07267833109017496,0.6666666666666666
800,0.18944252590034533,0.850974930362117,0.910958904109589,0.07267833109017496,0.6666666666666666
801,0.1943759250123335,0.850974930362117,0.910958904109589,0.07267833109017496,0.6666666666666666
802,0.35347804637395164,0.850974930362117,0.910958904109589,0.07267833109017496,0.6666666666666666
803,0.05007400098667982,0.7534818941504178,0.0821917808219178,0.010767160161507403,0.3333333333333333
804,0.07474099654662063,0.7534818941504178,0.0821917808219178,0.010767160161507403,0.3333333333333333
805,0.09940799210656143,0.7534818941504178,0.0821917808219178,0.010767160161507403,0.3333333333333333
806,0.12407498766650223,0.7534818941504178,0.0821917808219178,0.010767160161507403,0.3333333333333333
807,0.14874198322644303,0.7534818941504178,0.0821917808219178,0.010767160161507403,0.3333333333333333
808,0.17834237789837198,0.7534818941504178,0.6575342465753424,0.059219380888290714,0.0
809,0.2153428712382832,0.7534818941504178,0.6575342465753424,0.059219380888290714,0.0
810,0.2523433645781944,0.7534818941504178,0.6575342465753424,0.059219380888290714,0.0
811,0.2918105574740997,0.7534818941504178,0.6575342465753424,0.059219380888290714,0.0
812,0.11914158855451407,0.7534818941504178,0.5958904109589042,0.05114401076716016,0.46666666666666684
813,0.1635421805624075,0.7534818941504178,0.5958904109589042,0.05114401076716016,0.46666666666666684
814,0.15614208189442527,0.850974930362117,0.910958904109589,0.07267833109017496,0.6666666666666666
815,0.22397631968426246,0.850974930362117,0.910958904109589,0.07267833109017496,0.6666666666666666
816,0.07967439565860879,0.850974930362117,0.910958904109589,0.07267833109017496,0.6666666666666666
817,0.07967439565860879,0.850974930362117,0.910958904109589,0.07267833109017496,0.6666666666666666
818,0.07967439565860879,0.850974930362117,0.910958904109589,0.07267833109017496,0.6666666666666666
819,0.16724222989639861,0.850974930362117,0.910958904109589,0.07267833109017496,0.6666666666666666
820,0.11790823877651702,0.850974930362117,0.910958904109589,0.07267833109017496,0.6666666666666666
821,0.1203749383325111,0.850974930362117,0.910958904109589,0.07267833109017496,0.6666666666666666
822,0.1758756783423779,0.850974930362117,0.910958904109589,0.07267833109017496,0.6666666666666666
823,0.11544153922052294,0.850974930362117,0.910958904109589,0.07267833109017496,0.6666666666666666
824,0.11544153922052294,0.850974930362117,0.910958904109589,0.07267833109017496,0.6666666666666666
825,0.1327084361124815,0.850974930362117,0.910958904109589,0.07267833109017496,0.6666666666666666
826,0.14257523433645783,0.850974930362117,0.910958904109589,0.07267833109017496,0.6666666666666666
827,0.15860878145041934,0.850974930362117,0.910958904109589,0.07267833109017496,0.6666666666666666
828,0.14257523433645783,0.850974930362117,0.910958904109589,0.07267833109017496,0.6666666666666666
829,0.18450912678835718,0.850974930362117,0.910958904109589,0.07267833109017496,0.6666666666666666
830,0.18450912678835718,0.850974930362117,0.910958904109589,0.07267833109017496,0.6666666666666666
831,0.18450912678835718,0.850974930362117,0.910958904109589,0.07267833109017496,0.6666666666666666
832,0.19314257523433645,0.850974930362117,0.910958904109589,0.07267833109017496,0.6666666666666666
833,0.24247656635421805,0.850974930362117,0.910958904109589,0.07267833109017496,0.6666666666666666
834,0.21780957079427726,0.850974930362117,0.910958904109589,0.07267833109017496,0.6666666666666666
835,0.21780957079427726,0.850974930362117,0.910958904109589,0.07267833109017496,0.6666666666666666
836,0.1573754316724223,0.850974930362117,0.910958904109589,0.07267833109017496,0.6666666666666666
837,0.1882091761223483,0.850974930362117,0.910958904109589,0.07267833109017496,0.6666666666666666
838,0.2215096201282684,0.850974930362117,0.910958904109589,0.07267833109017496,0.6666666666666666
839,0.2215096201282684,0.850974930362117,0.910958904109589,0.07267833109017496,0.6666666666666666
840,0.21780957079427726,0.850974930362117,0.910958904109589,0.07267833109017496,0.6666666666666666
841,0.21410952146028614,0.850974930362117,0.910958904109589,0.07267833109017496,0.6666666666666666
842,0.24740996546620622,0.850974930362117,0.910958904109589,0.07267833109017496,0.6666666666666666
843,0.21904292057227429,0.850974930362117,0.910958904109589,0.07267833109017496,0.6666666666666666
844,0.27824370991613223,0.850974930362117,0.910958904109589,0.07267833109017496,0.6666666666666666
845,0.27824370991613223,0.850974930362117,0.910958904109589,0.07267833109017496,0.6666666666666666
846,0.19190922545633943,0.850974930362117,0.910958904109589,0.07267833109017496,0.6666666666666666
847,0.5680809077454366,0.850974930362117,0.910958904109589,0.07267833109017496,0.6666666666666666
848,0.2745436605821411,0.850974930362117,0.910958904109589,0.07267833109017496,0.6666666666666666
849,0.30784410458806116,0.850974930362117,0.910958904109589,0.07267833109017496,0.6666666666666666
850,0.34977799703996054,0.850974930362117,0.910958904109589,0.07267833109017496,0.6666666666666666
851,0.6075481006413419,0.850974930362117,0.910958904109589,0.07267833109017496,0.6666666666666666
852,0.34977799703996054,0.850974930362117,0.910958904109589,0.07267833109017496,0.6666666666666666
853,0.34977799703996054,0.850974930362117,0.910958904109589,0.07267833109017496,0.6666666666666666
854,0.34977799703996054,0.850974930362117,0.910958904109589,0.07267833109017496,0.6666666666666666
855,0.3867784903798717,0.850974930362117,0.910958904109589,0.07267833109017496,0.6666666666666666
856,0.6050814010853478,0.850974930362117,0.910958904109589,0.07267833109017496,0.6666666666666666
857,0.30784410458806116,0.850974930362117,0.910958904109589,0.07267833109017496,0.6666666666666666
858,0.34977799703996054,0.850974930362117,0.910958904109589,0.07267833109017496,0.6666666666666666
859,0.3547113961519487,0.850974930362117,0.910958904109589,0.07267833109017496,0.6666666666666666
860,0.46941292550567343,0.850974930362117,0.910958904109589,0.07267833109017496,0.6666666666666666
861,0.14010853478046373,0.850974930362117,0.910958904109589,0.07267833109017496,0.6666666666666666
862,0.19560927479033055,0.850974930362117,0.910958904109589,0.07267833109017496,0.6666666666666666
863,0.26961026147015293,0.850974930362117,0.910958904109589,0.07267833109017496,0.6666666666666666
864,0.14257523433645783,0.850974930362117,0.910958904109589,0.07267833109017496,0.6666666666666666
865,0.3670448939319191,0.850974930362117,0.910958904109589,0.07267833109017496,0.6666666666666666
866,0.3423778983719783,0.850974930362117,0.910958904109589,0.07267833109017496,0.6666666666666666
867,0.14257523433645783,0.850974930362117,0.910958904109589,0.07267833109017496,0.6666666666666666
868,0.14874198322644303,0.850974930362117,0.910958904109589,0.07267833109017496,0.6666666666666666
869,0.1450419338924519,0.850974930362117,0.910958904109589,0.07267833109017496,0.6666666666666666
870,0.1388751850024667,0.850974930362117,0.910958904109589,0.07267833109017496,0.6666666666666666
871,0.15244203256043415,0.850974930362117,0.910958904109589,0.07267833109017496,0.6666666666666666
872,0.14380858411445485,0.850974930362117,0.910958904109589,0.07267833109017496,0.6666666666666666
873,0.15244203256043415,0.850974930362117,0.910958904109589,0.07267833109017496,0.6666666666666666
874,0.35347804637395164,0.850974930362117,0.910958904109589,0.07267833109017496,0.6666666666666666
875,0.05007400098667982,0.7534818941504178,0.0821917808219178,0.010767160161507403,0.3333333333333333
876,0.17834237789837198,0.7534818941504178,0.6575342465753424,0.059219380888290714,0.0
877,0.11914158855451407,0.7534818941504178,0.5958904109589042,0.05114401076716016,0.46666666666666684
878,0.11174148988653182,0.850974930362117,0.910958904109589,0.07267833109017496,0.6666666666666666
879,0.13048840651208682,0.850974930362117,0.910958904109589,0.07267833109017496,0.6666666666666666
880,0.18426245683275777,0.850974930362117,0.910958904109589,0.07267833109017496,0.6666666666666666
881,0.13764183522446966,0.850974930362117,0.910958904109589,0.07267833109017496,0.6666666666666666
882,0.26714356191415883,0.850974930362117,0.910958904109589,0.07267833109017496,0.6666666666666666
883,0.09447459299457327,0.850974930362117,0.910958904109589,0.07267833109017496,0.6666666666666666
884,0.10064134188455846,0.850974930362117,0.910958904109589,0.07267833109017496,0.6666666666666666
885,0.09447459299457327,0.850974930362117,0.910958904109589,0.07267833109017496,0.6666666666666666
886,0.10557474099654662,0.850974930362117,0.910958904109589,0.07267833109017496,0.6666666666666666
887,0.11544153922052294,0.850974930362117,0.910958904109589,0.07267833109017496,0.6666666666666666
888,0.11790823877651702,0.850974930362117,0.910958904109589,0.07267833109017496,0.6666666666666666
889,0.11544153922052294,0.850974930362117,0.910958904109589,0.07267833109017496,0.6666666666666666
890,0.12284163788850518,0.850974930362117,0.910958904109589,0.07267833109017496,0.6666666666666666
891,0.14010853478046373,0.850974930362117,0.910958904109589,0.07267833109017496,0.6666666666666666
892,0.1388751850024667,0.850974930362117,0.910958904109589,0.07267833109017496,0.6666666666666666
893,0.15244203256043415,0.850974930362117,0.910958904109589,0.07267833109017496,0.6666666666666666
894,0.14997533300444005,0.850974930362117,0.910958904109589,0.07267833109017496,0.6666666666666666
895,0.16230883078441047,0.850974930362117,0.910958904109589,0.07267833109017496,0.6666666666666666
896,0.18080907745436606,0.850974930362117,0.910958904109589,0.07267833109017496,0.6666666666666666
897,0.18697582634435125,0.850974930362117,0.910958904109589,0.07267833109017496,0.6666666666666666
898,0.19930932412432165,0.850974930362117,0.910958904109589,0.07267833109017496,0.6666666666666666
899,0.19930932412432165,0.850974930362117,0.910958904109589,0.07267833109017496,0.6666666666666666
900,0.23285643808584114,0.850974930362117,0.910958904109589,0.07267833109017496,0.6666666666666666
901,0.23285643808584114,0.850974930362117,0.910958904109589,0.07267833109017496,0.6666666666666666
902,0.17710902812037493,0.850974930362117,0.910958904109589,0.07267833109017496,0.6666666666666666
903,0.19807597434632462,0.850974930362117,0.910958904109589,0.07267833109017496,0.6666666666666666
904,0.1697089294523927,0.850974930362117,0.910958904109589,0.07267833109017496,0.6666666666666666
905,0.16847557967439566,0.850974930362117,0.910958904109589,0.07267833109017496,0.6666666666666666
906,0.17834237789837198,0.850974930362117,0.910958904109589,0.07267833109017496,0.6666666666666666
907,0.19807597434632462,0.850974930362117,0.910958904109589,0.07267833109017496,0.6666666666666666
908,0.2153428712382832,0.850974930362117,0.910958904109589,0.07267833109017496,0.6666666666666666
909,0.23014306857424766,0.850974930362117,0.910958904109589,0.07267833109017496,0.6666666666666666
910,0.1820424272323631,0.850974930362117,0.910958904109589,0.07267833109017496,0.6666666666666666
911,0.23014306857424766,0.850974930362117,0.910958904109589,0.07267833109017496,0.6666666666666666
912,0.25481006413418844,0.850974930362117,0.910958904109589,0.07267833109017496,0.6666666666666666
913,0.2794770596941293,0.850974930362117,0.910958904109589,0.07267833109017496,0.6666666666666666
914,0.2967439565860878,0.850974930362117,0.910958904109589,0.07267833109017496,0.6666666666666666
915,0.7752836704489393,0.850974930362117,0.910958904109589,0.07267833109017496,0.6666666666666666
916,0.15984213122841637,0.850974930362117,0.910958904109589,0.07267833109017496,0.6666666666666666
917,0.26714356191415883,0.850974930362117,0.910958904109589,0.07267833109017496,0.6666666666666666
918,0.6889491859891466,0.850974930362117,0.910958904109589,0.07267833109017496,0.6666666666666666
919,0.24740996546620622,0.850974930362117,0.910958904109589,0.07267833109017496,0.6666666666666666
920,0.2523433645781944,0.850974930362117,0.910958904109589,0.07267833109017496,0.6666666666666666
921,0.30167735569807597,0.850974930362117,0.910958904109589,0.07267833109017496,0.6666666666666666
922,0.36211149481993093,0.850974930362117,0.910958904109589,0.07267833109017496,0.6666666666666666
923,0.5557474099654662,0.850974930362117,0.910958904109589,0.07267833109017496,0.6666666666666666
924,0.6248149975333005,0.850974930362117,0.910958904109589,0.07267833109017496,0.6666666666666666
925,0.20572274296990625,0.850974930362117,0.910958904109589,0.07267833109017496,0.6666666666666666
926,0.3510113468179576,0.850974930362117,0.910958904109589,0.07267833109017496,0.6666666666666666
927,0.39960532807104093,0.850974930362117,0.910958904109589,0.07267833109017496,0.6666666666666666
928,0.7380365071534287,0.850974930362117,0.910958904109589,0.07267833109017496,0.6666666666666666
929,0.363344844597928,0.850974930362117,0.910958904109589,0.07267833109017496,0.6666666666666666
930,0.39960532807104093,0.850974930362117,0.910958904109589,0.07267833109017496,0.6666666666666666
931,0.2590034533793784,0.850974930362117,0.910958904109589,0.07267833109017496,0.6666666666666666
932,0.36581154415392203,0.850974930362117,0.910958904109589,0.07267833109017496,0.6666666666666666
933,0.3147508633448446,0.850974930362117,0.910958904109589,0.07267833109017496,0.6666666666666666
934,0.38727183029107054,0.850974930362117,0.910958904109589,0.07267833109017496,0.6666666666666666
935,0.363344844597928,0.850974930362117,0.910958904109589,0.07267833109017496,0.6666666666666666
936,0.4139121854958066,0.850974930362117,0.910958904109589,0.07267833109017496,0.6666666666666666
937,0.6038480513073508,0.850974930362117,0.910958904109589,0.07267833109017496,0.6666666666666666
938,0.6531820424272323,0.850974930362117,0.910958904109589,0.07267833109017496,0.6666666666666666
939,0.14997533300444005,0.850974930362117,0.910958904109589,0.07267833109017496,0.6666666666666666
940,0.15490873211642822,0.850974930362117,0.910958904109589,0.07267833109017496,0.6666666666666666
941,0.17710902812037493,0.850974930362117,0.910958904109589,0.07267833109017496,0.6666666666666666
942,0.26714356191415883,0.850974930362117,0.910958904109589,0.07267833109017496,0.6666666666666666
943,0.3867784903798717,0.850974930362117,0.910958904109589,0.07267833109017496,0.6666666666666666
944,0.3571780957079428,0.850974930362117,0.910958904109589,0.07267833109017496,0.6666666666666666
945,0.4077454366058214,0.850974930362117,0.910958904109589,0.07267833109017496,0.6666666666666666
946,0.17710902812037493,0.850974930362117,0.910958904109589,0.07267833109017496,0.6666666666666666
947,0.26714356191415883,0.850974930362117,0.910958904109589,0.07267833109017496,0.6666666666666666
948,0.4324124321657622,0.850974930362117,0.910958904109589,0.07267833109017496,0.6666666666666666
949,0.32511100148001976,0.850974930362117,0.910958904109589,0.07267833109017496,0.6666666666666666
950,0.5083867784903798,0.850974930362117,0.910958904109589,0.07267833109017496,0.6666666666666666
951,0.5083867784903798,0.850974930362117,0.910958904109589,0.07267833109017496,0.6666666666666666
952,0.37074494326591023,0.850974930362117,0.910958904109589,0.07267833109017496,0.6666666666666666
953,0.15984213122841637,0.850974930362117,0.910958904109589,0.07267833109017496,0.6666666666666666
954,0.33892451899358655,0.850974930362117,0.910958904109589,0.07267833109017496,0.6666666666666666
955,0.4116921558954119,0.850974930362117,0.910958904109589,0.07267833109017496,0.6666666666666666
956,0.26714356191415883,0.850974930362117,0.910958904109589,0.07267833109017496,0.6666666666666666
957,0.3510113468179576,0.850974930362117,0.910958904109589,0.07267833109017496,0.6666666666666666
958,0.3275777010360138,0.850974930362117,0.910958904109589,0.07267833109017496,0.6666666666666666
959,0.34977799703996054,0.850974930362117,0.910958904109589,0.07267833109017496,0.6666666666666666
960,0.43611248149975335,0.850974930362117,0.910958904109589,0.07267833109017496,0.6666666666666666
961,0.15490873211642822,0.850974930362117,0.910958904109589,0.07267833109017496,0.6666666666666666
962,0.46941292550567343,0.850974930362117,0.910958904109589,0.07267833109017496,0.6666666666666666
963,0.39960532807104093,0.850974930362117,0.910958904109589,0.07267833109017496,0.6666666666666666
964,0.4595461272816971,0.850974930362117,0.910958904109589,0.07267833109017496,0.6666666666666666
965,0.21780957079427726,0.850974930362117,0.910958904109589,0.07267833109017496,0.6666666666666666
966,0.6776023680315738,0.850974930362117,0.910958904109589,0.07267833109017496,0.6666666666666666
967,0.1452886038480513,0.850974930362117,0.910958904109589,0.07267833109017496,0.6666666666666666
968,0.22397631968426246,0.850974930362117,0.910958904109589,0.07267833109017496,0.6666666666666666
969,0.2585101134681796,0.850974930362117,0.910958904109589,0.07267833109017496,0.6666666666666666
970,0.2807104094721263,0.850974930362117,0.910958904109589,0.07267833109017496,0.6666666666666666
971,0.14997533300444005,0.850974930362117,0.910958904109589,0.07267833109017496,0.6666666666666666
972,0.1573754316724223,0.850974930362117,0.910958904109589,0.07267833109017496,0.6666666666666666
973,0.1452886038480513,0.850974930362117,0.910958904109589,0.07267833109017496,0.6666666666666666
974,0.3744449925999013,0.850974930362117,0.910958904109589,0.07267833109017496,0.6666666666666666
975,0.15614208189442527,0.850974930362117,0.910958904109589,0.07267833109017496,0.6666666666666666
976,0.3115441539220523,0.850974930362117,0.910958904109589,0.07267833109017496,0.6666666666666666
977,0.35841144548593984,0.850974930362117,0.910958904109589,0.07267833109017496,0.6666666666666666
978,0.14282190429205724,0.850974930362117,0.910958904109589,0.07267833109017496,0.6666666666666666
979,0.15490873211642822,0.850974930362117,0.910958904109589,0.07267833109017496,0.6666666666666666
980,0.14627528367044895,0.850974930362117,0.910958904109589,0.07267833109017496,0.6666666666666666
981,0.1635421805624075,0.850974930362117,0.910958904109589,0.07267833109017496,0.6666666666666666
982,0.14750863344844597,0.850974930362117,0.910958904109589,0.07267833109017496,0.6666666666666666
983,0.14997533300444005,0.850974930362117,0.910958904109589,0.07267833109017496,0.6666666666666666
984,0.12777503700049334,0.850974930362117,0.910958904109589,0.07267833109017496,0.6666666666666666
985,0.2227429699062654,0.850974930362117,0.910958904109589,0.07267833109017496,0.6666666666666666
986,0.23507646768623583,0.850974930362117,0.910958904109589,0.07267833109017496,0.6666666666666666
987,0.18574247656635423,0.850974930362117,0.910958904109589,0.07267833109017496,0.6666666666666666
988,0.15614208189442527,0.850974930362117,0.910958904109589,0.07267833109017496,0.6666666666666666
989,0.17464232856438086,0.850974930362117,0.910958904109589,0.07267833109017496,0.6666666666666666
990,0.16847557967439566,0.850974930362117,0.910958904109589,0.07267833109017496,0.6666666666666666
991,0.16230883078441047,0.850974930362117,0.910958904109589,0.07267833109017496,0.6666666666666666
992,0.16477553034040454,0.850974930362117,0.910958904109589,0.07267833109017496,0.6666666666666666
993,0.17710902812037493,0.850974930362117,0.910958904109589,0.07267833109017496,0.6666666666666666
994,0.20547607301430687,0.850974930362117,0.910958904109589,0.07267833109017496,0.6666666666666666
995,0.363344844597928,0.850974930362117,0.910958904109589,0.07267833109017496,0.6666666666666666
996,0.25481006413418844,0.850974930362117,0.910958904109589,0.07267833109017496,0.6666666666666666
997,0.12407498766650223,0.7534818941504178,0.6575342465753424,0.059219380888290714,0.0
998,0.14627528367044895,0.7534818941504178,0.6575342465753424,0.059219380888290714,0.0
999,0.17834237789837198,0.7534818941504178,0.6575342465753424,0.059219380888290714,0.0
1000,0.2153428712382832,0.7534818941504178,0.6575342465753424,0.059219380888290714,0.0
1001,0.2523433645781944,0.7534818941504178,0.6575342465753424,0.059219380888290714,0.0
1002,0.2918105574740997,0.7534818941504178,0.6575342465753424,0.059219380888290714,0.0
1003,0.025407005426739022,0.7534818941504178,0.04794520547945205,0.008075370121130552,0.3333333333333333
1004,0.05007400098667982,0.7534818941504178,0.0821917808219178,0.010767160161507403,0.3333333333333333
1005,0.07474099654662063,0.7534818941504178,0.1232876712328767,0.013997308209959623,0.3333333333333333
1006,0.09940799210656143,0.7534818941504178,0.2191780821917808,0.021534320323014805,0.3333333333333333
1007,0.12407498766650223,0.7534818941504178,0.2534246575342466,0.024226110363391656,0.3333333333333333
1008,0.14874198322644303,0.7534818941504178,0.2876712328767123,0.026917900403768506,0.3333333333333333
1009,0.11914158855451407,0.7534818941504178,0.5958904109589042,0.05114401076716016,0.46666666666666684
1010,0.19314257523433645,0.7534818941504178,0.5958904109589042,0.05114401076716016,0.46666666666666684
1011,0.11494819930932412,0.7534818941504178,0.910958904109589,0.07267833109017496,0.6666666666666666
1012,0.14405525407005426,0.7534818941504178,0.910958904109589,0.07267833109017496,0.6666666666666666
1013,0.16107548100641342,0.7534818941504178,0.910958904109589,0.07267833109017496,0.6666666666666666
1014,0.19511593487913173,0.7534818941504178,0.910958904109589,0.07267833109017496,0.6666666666666666
1015,0.23162308830784412,0.7534818941504178,0.910958904109589,0.07267833109017496,0.6666666666666666
1016,0.18080907745436606,0.7534818941504178,0.910958904109589,0.07267833109017496,0.6666666666666666
1017,0.1418352244696596,0.7534818941504178,0.910958904109589,0.07267833109017496,0.6666666666666666
1018,0.16847557967439566,0.7534818941504178,0.910958904109589,0.07267833109017496,0.6666666666666666
1019,0.23680315737543167,0.7534818941504178,0.910958904109589,0.07267833109017496,0.6666666666666666
1020,0.29797730636408487,0.7534818941504178,0.910958904109589,0.07267833109017496,0.6666666666666666
1021,0.31647755303404046,0.7534818941504178,0.910958904109589,0.07267833109017496,0.6666666666666666
1022,0.37839171188949183,0.7534818941504178,0.910958904109589,0.07267833109017496,0.6666666666666666
1023,0.20794277257030094,0.7534818941504178,0.910958904109589,0.07267833109017496,0.6666666666666666
1024,0.17834237789837198,0.7534818941504178,0.910958904109589,0.07267833109017496,0.6666666666666666
1025,0.13517513566847558,0.9818941504178273,0.3219178082191781,0.02557200538358008,0.7333333333333334
1026,0.13517513566847558,0.9818941504178273,0.3219178082191781,0.02557200538358008,0.7333333333333334
1027,0.13517513566847558,0.9818941504178273,0.3219178082191781,0.02557200538358008,0.7333333333333334
1028,0.13517513566847558,0.9818941504178273,0.3219178082191781,0.02557200538358008,0.7333333333333334
1029,0.05994079921065614,0.9818941504178273,0.2191780821917808,0.018842530282637954,0.7333333333333334
1030,0.05994079921065614,0.9818941504178273,0.2191780821917808,0.018842530282637954,0.7333333333333334
1031,0.05994079921065614,0.9818941504178273,0.2191780821917808,0.018842530282637954,0.7333333333333334
1032,0.04267390231869758,0.9818941504178273,0.2191780821917808,0.018842530282637954,0.7333333333333334
1033,0.04267390231869758,0.9818941504178273,0.2191780821917808,0.018842530282637954,0.7333333333333334
1034,0.10680809077454366,0.9818941504178273,0.3219178082191781,0.02557200538358008,0.8000000000000002
1035,0.10680809077454366,0.9818941504178273,0.3219178082191781,0.02557200538358008,0.8000000000000002
1036,0.08214109521460286,0.9401114206128134,0.18493150684931506,0.014804845222072678,0.9333333333333337
1037,0.08214109521460286,0.9401114206128134,0.18493150684931506,0.014804845222072678,0.9333333333333337
1038,0.08214109521460286,0.9401114206128134,0.18493150684931506,0.014804845222072678,0.9333333333333337
1039,0.08214109521460286,0.9401114206128134,0.18493150684931506,0.014804845222072678,0.9333333333333337
1040,0.12530833744449926,0.9401114206128134,0.18493150684931506,0.014804845222072678,0.9333333333333337
1041,0.21040947212629502,0.9401114206128134,0.18493150684931506,0.014804845222072678,0.9333333333333337
1042,0.13147508633448446,0.13231197771587744,0.0,0.0,0.8666666666666669
1043,0.1388751850024667,0.13231197771587744,0.0,0.0,0.8666666666666669
1044,0.1388751850024667,0.13231197771587744,0.0,0.0,0.8666666666666669
1045,0.10680809077454366,0.13231197771587744,0.0,0.0,0.8666666666666669
1046,0.06980759743463247,0.13231197771587744,0.0,0.0,0.8666666666666669
1047,0.0525407005426739,0.13231197771587744,0.0,0.0,0.8666666666666669
1048,0.0525407005426739,0.13231197771587744,0.0,0.0,0.8666666666666669
1049,0.12284163788850518,0.8504178272980502,0.8767123287671232,0.06998654104979811,0.6
1050,0.12777503700049334,0.8504178272980502,0.8767123287671232,0.06998654104979811,0.6
1051,0.1327084361124815,0.8504178272980502,0.8767123287671232,0.06998654104979811,0.6
1052,0.13764183522446966,0.8504178272980502,0.8767123287671232,0.06998654104979811,0.6
1053,0.14257523433645783,0.8504178272980502,0.8767123287671232,0.06998654104979811,0.6
1054,0.14257523433645783,0.8504178272980502,0.8767123287671232,0.06998654104979811,0.6
1055,0.16724222989639861,0.8504178272980502,0.8767123287671232,0.06998654104979811,0.6
1056,0.1697089294523927,0.8504178272980502,0.8767123287671232,0.06998654104979811,0.6
1057,0.19930932412432165,0.8504178272980502,0.8767123287671232,0.06998654104979811,0.6
1058,0.20300937345831277,0.8504178272980502,0.8767123287671232,0.06998654104979811,0.6
1059,0.1203749383325111,0.850974930362117,0.910958904109589,0.07267833109017496,0.6666666666666666
1060,0.12530833744449926,0.850974930362117,0.910958904109589,0.07267833109017496,0.6666666666666666
1061,0.12777503700049334,0.850974930362117,0.910958904109589,0.07267833109017496,0.6666666666666666
1062,0.13764183522446966,0.850974930362117,0.910958904109589,0.07267833109017496,0.6666666666666666
1063,0.16724222989639861,0.850974930362117,0.910958904109589,0.07267833109017496,0.6666666666666666
1064,0.17710902812037493,0.850974930362117,0.910958904109589,0.07267833109017496,0.6666666666666666
1065,0.10335471139615195,0.8525069637883008,0.8904109589041096,0.06998654104979811,0.6666666666666666
1066,0.1080414405525407,0.8504178272980502,0.910958904109589,0.07133243606998654,0.6666666666666666
1067,0.13640848544647263,0.8504178272980502,0.910958904109589,0.07133243606998654,0.6666666666666666
1068,0.1388751850024667,0.8504178272980502,0.910958904109589,0.07133243606998654,0.6666666666666666
1069,0.09447459299457327,0.8504178272980502,0.910958904109589,0.07133243606998654,0.6666666666666666
1070,0.12284163788850518,0.8495821727019499,0.8767123287671232,0.06998654104979811,0.6
1071,0.14874198322644303,0.8495821727019499,0.8767123287671232,0.06998654104979811,0.6
1072,0.16847557967439566,0.8495821727019499,0.8767123287671232,0.06998654104979811,0.6
1073,0.1142081894425259,0.8495821727019499,0.8767123287671232,0.06998654104979811,0.6
1074,0.13764183522446966,0.8508356545961003,0.952054794520548,0.07537012113055182,0.6
1075,0.1734089787863838,0.8508356545961003,0.952054794520548,0.07537012113055182,0.6
1076,0.17094227923038974,0.8508356545961003,0.952054794520548,0.07537012113055182,0.6
1077,0.13147508633448446,0.8508356545961003,0.952054794520548,0.07537012113055182,0.6
1078,0.15490873211642822,0.8454038997214485,0.8561643835616438,0.06864064602960969,0.6
1079,0.19807597434632462,0.8454038997214485,0.8561643835616438,0.06864064602960969,0.6
1080,0.19560927479033055,0.8454038997214485,0.8561643835616438,0.06864064602960969,0.6
1081,0.14380858411445485,0.8454038997214485,0.8561643835616438,0.06864064602960969,0.6
1082,0.1697089294523927,0.8495821727019499,0.8698630136986302,0.06864064602960969,0.6666666666666666
1083,0.21040947212629502,0.8495821727019499,0.8698630136986302,0.06864064602960969,0.6666666666666666
1084,0.19807597434632462,0.8495821727019499,0.8698630136986302,0.06864064602960969,0.6666666666666666
1085,0.15614208189442527,0.8495821727019499,0.8698630136986302,0.06864064602960969,0.6666666666666666
1086,0.19067587567834238,0.8495821727019499,0.8698630136986302,0.06864064602960969,0.6666666666666666
1087,0.18450912678835718,0.8462395543175487,0.910958904109589,0.07133243606998654,0.6666666666666666
1088,0.23014306857424766,0.8462395543175487,0.910958904109589,0.07133243606998654,0.6666666666666666
1089,0.3830784410458806,0.8462395543175487,0.910958904109589,0.07133243606998654,0.6666666666666666
1090,0.20794277257030094,0.8462395543175487,0.910958904109589,0.07133243606998654,0.6666666666666666
1091,0.16847557967439566,0.8462395543175487,0.910958904109589,0.07133243606998654,0.6666666666666666
1092,0.20794277257030094,0.8462395543175487,0.910958904109589,0.07133243606998654,0.6666666666666666
1093,0.19930932412432165,0.8495821727019499,0.952054794520548,0.07537012113055182,0.6
1094,0.24740996546620622,0.8495821727019499,0.952054794520548,0.07537012113055182,0.6
1095,0.3830784410458806,0.8495821727019499,0.952054794520548,0.07537012113055182,0.6
1096,0.22027627035027134,0.8495821727019499,0.952054794520548,0.07537012113055182,0.6
1097,0.18327577701036013,0.8495821727019499,0.952054794520548,0.07537012113055182,0.6
1098,0.23014306857424766,0.8495821727019499,0.952054794520548,0.07537012113055182,0.6
1099,0.21164282190429207,0.8440111420612814,0.8698630136986302,0.06864064602960969,0.6666666666666666
1100,0.27207696102614704,0.8440111420612814,0.8698630136986302,0.06864064602960969,0.6666666666666666
1101,0.35841144548593984,0.8440111420612814,0.8698630136986302,0.06864064602960969,0.6666666666666666
1102,0.395411938825851,0.8440111420612814,0.8698630136986302,0.06864064602960969,0.6666666666666666
1103,0.27207696102614704,0.8440111420612814,0.8698630136986302,0.06864064602960969,0.6666666666666666
1104,0.24247656635421805,0.8440111420612814,0.8698630136986302,0.06864064602960969,0.6666666666666666
1105,0.19560927479033055,0.8440111420612814,0.8698630136986302,0.06864064602960969,0.6666666666666666
1106,0.24247656635421805,0.8440111420612814,0.8698630136986302,0.06864064602960969,0.6666666666666666
1107,0.21164282190429207,0.8440111420612814,0.9794520547945206,0.07671601615074024,0.6666666666666666
1108,0.37074494326591023,0.8440111420612814,0.9794520547945206,0.07671601615074024,0.6666666666666666
1109,0.2498766650222003,0.8440111420612814,0.9794520547945206,0.07671601615074024,0.6666666666666666
1110,0.20547607301430687,0.8440111420612814,0.9794520547945206,0.07671601615074024,0.6666666666666666
1111,0.2535767143561914,0.8440111420612814,0.9794520547945206,0.07671601615074024,0.6666666666666666
1112,0.22397631968426246,0.8454038997214485,0.9383561643835616,0.0740242261103634,0.6666666666666666
1113,0.27084361124815,0.8454038997214485,0.9383561643835616,0.0740242261103634,0.6666666666666666
1114,0.24247656635421805,0.8440111420612814,0.8972602739726028,0.07133243606998654,0.6
1115,0.2905772076961026,0.8440111420612814,0.8972602739726028,0.07133243606998654,0.6
1116,0.15860878145041934,0.8454038997214485,0.8972602739726028,0.07133243606998654,0.6
1117,0.22027627035027134,0.8454038997214485,0.8972602739726028,0.07133243606998654,0.6
1118,0.19067587567834238,0.8440111420612814,0.8698630136986302,0.06864064602960969,0.6666666666666666
1119,0.2819437592501233,0.8440111420612814,0.8698630136986302,0.06864064602960969,0.6666666666666666
1120,0.2128761716822891,0.8440111420612814,0.8972602739726028,0.07133243606998654,0.6
1121,0.32881105081401085,0.8440111420612814,0.8972602739726028,0.07133243606998654,0.6
1122,0.2375431672422299,0.8440111420612814,0.9794520547945206,0.07806191117092867,0.6
1123,0.31647755303404046,0.8440111420612814,0.9794520547945206,0.07806191117092867,0.6
1124,0.26961026147015293,0.8495821727019499,0.9726027397260274,0.07671601615074024,0.6666666666666666
1125,0.37074494326591023,0.8495821727019499,0.9726027397260274,0.07671601615074024,0.6666666666666666
1126,0.6544153922052294,0.8495821727019499,0.9726027397260274,0.07671601615074024,0.6666666666666666
1127,0.19314257523433645,0.850974930362117,0.9794520547945206,0.07671601615074024,0.6666666666666666
1128,0.19807597434632462,0.850974930362117,0.9794520547945206,0.07671601615074024,0.6666666666666666
1129,0.20300937345831277,0.850974930362117,0.9794520547945206,0.07671601615074024,0.6666666666666666
1130,0.20547607301430687,0.850974930362117,0.9794520547945206,0.07671601615074024,0.6666666666666666
1131,0.2128761716822891,0.850974930362117,0.9794520547945206,0.07671601615074024,0.6666666666666666
1132,0.26714356191415883,0.850974930362117,0.910958904109589,0.07267833109017496,0.6
1133,0.32511100148001976,0.8467966573816156,0.9794520547945206,0.07671601615074024,0.6666666666666666
1134,0.19807597434632462,0.8467966573816156,0.9794520547945206,0.07671601615074024,0.6666666666666666
1135,0.27207696102614704,0.8467966573816156,0.9794520547945206,0.07671601615074024,0.6666666666666666
1136,0.34114454859398124,0.8467966573816156,0.9794520547945206,0.07671601615074024,0.6666666666666666
1137,0.36211149481993093,0.8454038997214485,0.9246575342465754,0.07267833109017496,0.6666666666666666
1138,0.3818450912678836,0.8495821727019499,0.9657534246575342,0.07671601615074024,0.6
1139,0.4114454859398125,0.8495821727019499,0.9657534246575342,0.07671601615074024,0.6
1140,0.2128761716822891,0.8495821727019499,0.9657534246575342,0.07671601615074024,0.6
1141,0.333744449925999,0.8495821727019499,0.9657534246575342,0.07671601615074024,0.6
1142,0.46941292550567343,0.8495821727019499,0.9657534246575342,0.07671601615074024,0.6
1143,0.43611248149975335,0.8454038997214485,0.910958904109589,0.07133243606998654,0.6666666666666666
1144,0.2227429699062654,0.8454038997214485,0.910958904109589,0.07133243606998654,0.6666666666666666
1145,0.395411938825851,0.8454038997214485,0.910958904109589,0.07133243606998654,0.6666666666666666
1146,0.6174148988653182,0.8454038997214485,0.910958904109589,0.07133243606998654,0.6666666666666666
1147,0.46077947705969413,0.850974930362117,0.9178082191780822,0.07267833109017496,0.6
1148,0.2227429699062654,0.850974930362117,0.9178082191780822,0.07267833109017496,0.6
1149,0.6667488899851998,0.850974930362117,0.9178082191780822,0.07267833109017496,0.6
1150,0.14380858411445485,0.841225626740947,0.8972602739726028,0.07133243606998654,0.6
1151,0.2227429699062654,0.841225626740947,0.8972602739726028,0.07133243606998654,0.6
1152,0.333744449925999,0.841225626740947,0.8972602739726028,0.07133243606998654,0.6
1153,0.2375431672422299,0.8426183844011143,0.952054794520548,0.07537012113055182,0.6
1154,0.48667982239763197,0.8426183844011143,0.952054794520548,0.07537012113055182,0.6
1155,0.2498766650222003,0.8440111420612814,0.8972602739726028,0.07133243606998654,0.6
1156,0.35841144548593984,0.8440111420612814,0.8972602739726028,0.07133243606998654,0.6
1157,0.19807597434632462,0.8203342618384402,0.9657534246575342,0.07671601615074024,0.6
1158,0.37074494326591023,0.8203342618384402,0.9657534246575342,0.07671601615074024,0.6
1159,0.395411938825851,0.8203342618384402,0.9452054794520548,0.07537012113055182,0.6
1160,0.3867784903798717,0.8454038997214485,0.9246575342465754,0.07267833109017496,0.6666666666666666
1161,0.395411938825851,0.8454038997214485,0.9246575342465754,0.07267833109017496,0.6666666666666666
1162,0.4114454859398125,0.8454038997214485,0.958904109589041,0.07537012113055182,0.6666666666666666
1163,0.4324124321657622,0.8454038997214485,0.958904109589041,0.07537012113055182,0.6666666666666666
1164,0.3547113961519487,0.8454038997214485,0.958904109589041,0.07537012113055182,0.6666666666666666
1165,0.25481006413418844,0.8426183844011143,0.9452054794520548,0.07537012113055182,0.6
1166,0.4200789343857918,0.8426183844011143,0.9452054794520548,0.07537012113055182,0.6
1167,0.5434139121854958,0.8426183844011143,0.952054794520548,0.07537012113055182,0.6
1168,0.4447459299457326,0.8426183844011143,0.952054794520548,0.07537012113055182,0.6
1169,0.32511100148001976,0.8370473537604457,0.958904109589041,0.07537012113055182,0.6666666666666666
1170,0.333744449925999,0.8370473537604457,0.958904109589041,0.07537012113055182,0.6666666666666666
1171,0.5927479033053774,0.8426183844011143,0.958904109589041,0.07537012113055182,0.6666666666666666
1172,0.3830784410458806,0.8440111420612814,0.9726027397260274,0.07671601615074024,0.6666666666666666
1173,0.44844597927972374,0.8495821727019499,0.958904109589041,0.07537012113055182,0.6666666666666666
1174,0.31401085347804636,0.8495821727019499,0.8698630136986302,0.06864064602960969,0.6666666666666666
1175,0.4114454859398125,0.8495821727019499,0.8698630136986302,0.06864064602960969,0.6666666666666666
1176,0.2819437592501233,0.8495821727019499,0.8698630136986302,0.06864064602960969,0.6666666666666666
1177,0.518746916625555,0.8495821727019499,0.8698630136986302,0.06864064602960969,0.6666666666666666
1178,0.43611248149975335,0.8454038997214485,0.8698630136986302,0.06864064602960969,0.6666666666666666
1179,0.46077947705969413,0.850974930362117,0.8698630136986302,0.06864064602960969,0.6666666666666666
1180,0.4114454859398125,0.8495821727019499,0.9726027397260274,0.07671601615074024,0.6666666666666666
1181,0.3214109521460286,0.8537604456824512,0.9452054794520548,0.07537012113055182,0.6
1182,0.3214109521460286,0.8537604456824512,0.9452054794520548,0.07537012113055182,0.6
1183,0.3830784410458806,0.8495821727019499,0.8698630136986302,0.06864064602960969,0.6666666666666666
1184,0.4324124321657622,0.8495821727019499,0.8698630136986302,0.06864064602960969,0.6666666666666666
1185,0.25481006413418844,0.8495821727019499,0.8904109589041096,0.06998654104979811,0.6666666666666666
1186,0.45707942772570304,0.8495821727019499,0.8904109589041096,0.06998654104979811,0.6666666666666666
1187,0.5680809077454366,0.8495821727019499,0.8904109589041096,0.06998654104979811,0.6666666666666666
1188,0.2128761716822891,0.8495821727019499,0.958904109589041,0.07537012113055182,0.6666666666666666
1189,0.45707942772570304,0.8495821727019499,0.9726027397260274,0.07671601615074024,0.6666666666666666
1190,0.6667488899851998,0.8495821727019499,0.9726027397260274,0.07671601615074024,0.6666666666666666
1191,0.3460779477059694,0.8495821727019499,0.9726027397260274,0.07671601615074024,0.6666666666666666
1192,0.3991119881598421,0.850974930362117,0.910958904109589,0.07267833109017496,0.6
1193,0.42377898371978295,0.850974930362117,0.910958904109589,0.07267833109017496,0.6666666666666666
1194,0.13517513566847558,0.8495821727019499,0.952054794520548,0.07537012113055182,0.6
1195,0.15490873211642822,0.8426183844011143,0.8561643835616438,0.06864064602960969,0.6
1196,0.33251110014800195,0.8426183844011143,0.8698630136986302,0.06864064602960969,0.6666666666666666
1197,0.33251110014800195,0.8426183844011143,0.8698630136986302,0.06864064602960969,0.6666666666666666
1198,0.3744449925999013,0.8481894150417827,0.958904109589041,0.07537012113055182,0.6666666666666666
1199,0.24247656635421805,0.8495821727019499,0.8698630136986302,0.06864064602960969,0.6666666666666666
1200,0.3744449925999013,0.8426183844011143,0.9178082191780822,0.07267833109017496,0.6
1201,0.11297483966452886,0.8189415041782729,0.9726027397260274,0.07671601615074024,0.6666666666666666
1202,0.12530833744449926,0.8356545961002786,0.9452054794520548,0.07537012113055182,0.6
1203,0.12530833744449926,0.8495821727019499,0.8698630136986302,0.06864064602960969,0.6666666666666666
1204,0.11297483966452886,0.8495821727019499,0.8698630136986302,0.06864064602960969,0.6666666666666666
1205,0.3867784903798717,0.8495821727019499,0.8698630136986302,0.06864064602960969,0.6666666666666666
1206,0.3386778490379872,0.8871866295264624,0.8698630136986302,0.06864064602960969,0.6666666666666666
1207,0.15022200296003946,0.8189415041782729,0.9726027397260274,0.07671601615074024,0.6666666666666666
1208,0.1576221016280217,0.8565459610027855,0.8356164383561644,0.06594885598923284,0.6666666666666666
1209,0.1576221016280217,0.8495821727019499,0.8698630136986302,0.06864064602960969,0.6666666666666666
1210,0.22644301924025653,0.8245125348189415,0.9794520547945206,0.07806191117092867,0.6
1211,0.14997533300444005,0.850974930362117,0.910958904109589,0.07267833109017496,0.6
1212,0.2165762210162802,0.850974930362117,0.910958904109589,0.07267833109017496,0.6
1213,0.16230883078441047,0.850974930362117,0.910958904109589,0.07267833109017496,0.6
1214,0.2215096201282684,0.850974930362117,0.910958904109589,0.07267833109017496,0.6
1215,0.17834237789837198,0.850974930362117,0.910958904109589,0.07267833109017496,0.6
1216,0.24124321657622103,0.850974930362117,0.910958904109589,0.07267833109017496,0.6
1217,0.19190922545633943,0.850974930362117,0.910958904109589,0.07267833109017496,0.6
1218,0.2560434139121855,0.850974930362117,0.910958904109589,0.07267833109017496,0.6
1219,0.20917612234829797,0.850974930362117,0.910958904109589,0.07267833109017496,0.6
1220,0.2683769116921559,0.850974930362117,0.910958904109589,0.07267833109017496,0.6
1221,0.22644301924025653,0.850974930362117,0.910958904109589,0.07267833109017496,0.6
1222,0.2905772076961026,0.850974930362117,0.910958904109589,0.07267833109017496,0.6
1223,0.23877651702022692,0.850974930362117,0.910958904109589,0.07267833109017496,0.6
1224,0.30784410458806116,0.850974930362117,0.910958904109589,0.07267833109017496,0.6
1225,0.2523433645781944,0.850974930362117,0.910958904109589,0.07267833109017496,0.6
1226,0.3275777010360138,0.850974930362117,0.910958904109589,0.07267833109017496,0.6
1227,0.26344351258016774,0.850974930362117,0.910958904109589,0.07267833109017496,0.6
1228,0.34731129748396644,0.850974930362117,0.910958904109589,0.07267833109017496,0.6
1229,0.36457819437592504,0.850974930362117,0.910958904109589,0.07267833109017496,0.6
1230,0.4200789343857918,0.850974930362117,0.910958904109589,0.07267833109017496,0.6
1231,0.4447459299457326,0.850974930362117,0.910958904109589,0.07267833109017496,0.6
1232,0.12111494819930932,0.8454038997214485,0.8698630136986302,0.06864064602960969,0.6666666666666666
1233,0.13098174642328564,0.8454038997214485,0.8698630136986302,0.06864064602960969,0.6666666666666666
1234,0.14282190429205724,0.8467966573816156,0.9041095890410958,0.07133243606998654,0.6666666666666666
1235,0.15515540207202763,0.8440111420612814,0.9383561643835616,0.0740242261103634,0.6666666666666666
1236,0.16502220029600395,0.8467966573816156,0.952054794520548,0.07537012113055182,0.6
1237,0.17686235816477552,0.8440111420612814,0.9726027397260274,0.07671601615074024,0.6666666666666666
1238,0.18672915638875184,0.8426183844011143,0.9726027397260274,0.07671601615074024,0.6666666666666666
1239,0.19881598421312285,0.8454038997214485,1.0,0.07940780619111709,0.6
1240,0.17710902812037493,0.8454038997214485,0.8698630136986302,0.06864064602960969,0.6666666666666666
1241,0.1817957572767637,0.8454038997214485,0.8698630136986302,0.06864064602960969,0.6666666666666666
1242,0.20596941292550566,0.8454038997214485,0.8698630136986302,0.06864064602960969,0.6666666666666666
1243,0.1817957572767637,0.8454038997214485,0.8698630136986302,0.06864064602960969,0.6666666666666666
1244,0.20596941292550566,0.8454038997214485,0.8698630136986302,0.06864064602960969,0.6666666666666666
1245,0.23014306857424766,0.8454038997214485,0.8698630136986302,0.06864064602960969,0.6666666666666666
1246,0.1793290577207696,0.8454038997214485,0.8698630136986302,0.06864064602960969,0.6666666666666666
1247,0.1697089294523927,0.8454038997214485,0.8698630136986302,0.06864064602960969,0.6666666666666666
1248,0.21805624074987667,0.8454038997214485,0.8698630136986302,0.06864064602960969,0.6666666666666666
1249,0.21805624074987667,0.8454038997214485,0.8698630136986302,0.06864064602960969,0.6666666666666666
1250,0.1452886038480513,0.8426183844011143,0.9726027397260274,0.07671601615074024,0.6666666666666666
1251,0.16502220029600395,0.8454038997214485,0.8698630136986302,0.06864064602960969,0.6666666666666666
1252,0.24247656635421805,0.8454038997214485,0.8698630136986302,0.06864064602960969,0.6666666666666666
1253,0.21805624074987667,0.8481894150417827,0.9726027397260274,0.07671601615074024,0.6666666666666666
1254,0.27873704982733105,0.8454038997214485,0.8698630136986302,0.06864064602960969,0.6666666666666666
1255,0.20596941292550566,0.8426183844011143,0.9726027397260274,0.07671601615074024,0.6666666666666666
1256,0.314997533300444,0.8426183844011143,0.9726027397260274,0.07671601615074024,0.6666666666666666
1257,0.19388258510113468,0.8454038997214485,0.8698630136986302,0.06864064602960969,0.6666666666666666
1258,0.16946225949679328,0.8454038997214485,0.952054794520548,0.07537012113055182,0.6
1259,0.19388258510113468,0.8454038997214485,0.8698630136986302,0.06864064602960969,0.6666666666666666
1260,0.26665022200296,0.8454038997214485,0.8698630136986302,0.06864064602960969,0.6666666666666666
1261,0.1697089294523927,0.8467966573816156,0.9041095890410958,0.07133243606998654,0.6666666666666666
1262,0.1697089294523927,0.8440111420612814,0.9041095890410958,0.07133243606998654,0.6666666666666666
1263,0.19388258510113468,0.8467966573816156,0.9041095890410958,0.07133243606998654,0.6666666666666666
1264,0.19388258510113468,0.8440111420612814,0.9041095890410958,0.07133243606998654,0.6666666666666666
1265,0.21805624074987667,0.8426183844011143,0.9041095890410958,0.07133243606998654,0.6666666666666666
1266,0.2543167242229896,0.8454038997214485,0.9041095890410958,0.07133243606998654,0.6666666666666666
1267,0.18919585594474592,0.8454038997214485,0.9041095890410958,0.07133243606998654,0.6666666666666666
1268,0.20596941292550566,0.8454038997214485,0.8698630136986302,0.06864064602960969,0.6666666666666666
1269,0.23014306857424766,0.8454038997214485,0.8698630136986302,0.06864064602960969,0.6666666666666666
1270,0.314997533300444,0.8454038997214485,0.8698630136986302,0.06864064602960969,0.6666666666666666
1271,0.24222989639861864,0.8454038997214485,0.8698630136986302,0.06864064602960969,0.6666666666666666
1272,0.25456339417858903,0.8495821727019499,0.9041095890410958,0.07133243606998654,0.6666666666666666
1273,0.29082387765170203,0.8454038997214485,0.8698630136986302,0.06864064602960969,0.6666666666666666
1274,0.27873704982733105,0.8481894150417827,0.9041095890410958,0.07133243606998654,0.6666666666666666
1275,0.327084361124815,0.8454038997214485,0.9041095890410958,0.07133243606998654,0.6666666666666666
1276,0.314997533300444,0.8426183844011143,0.9041095890410958,0.07133243606998654,0.6666666666666666
1277,0.302910705476073,0.8454038997214485,0.8698630136986302,0.06864064602960969,0.6666666666666666
1278,0.26665022200296,0.8454038997214485,0.8698630136986302,0.06864064602960969,0.6666666666666666
1279,0.327084361124815,0.8454038997214485,0.8698630136986302,0.06864064602960969,0.6666666666666666
1280,0.3993586581154415,0.8454038997214485,0.8698630136986302,0.06864064602960969,0.6666666666666666
1281,0.5567340897878639,0.8454038997214485,0.8698630136986302,0.06864064602960969,0.6666666666666666
1282,0.5688209176122349,0.8454038997214485,0.8698630136986302,0.06864064602960969,0.6666666666666666
1283,0.25456339417858903,0.8454038997214485,0.8698630136986302,0.06864064602960969,0.6666666666666666
1284,0.5567340897878639,0.8454038997214485,0.8698630136986302,0.06864064602960969,0.6666666666666666
1285,0.6295017266896892,0.8454038997214485,0.8698630136986302,0.06864064602960969,0.6666666666666666
1286,0.7747903305377405,0.8454038997214485,0.8698630136986302,0.06864064602960969,0.6666666666666666
1287,0.6171682289097188,0.8454038997214485,0.8698630136986302,0.06864064602960969,0.6666666666666666
1288,0.6899358658115442,0.8454038997214485,0.8698630136986302,0.06864064602960969,0.6666666666666666
1289,0.25456339417858903,0.8481894150417827,1.0,0.07940780619111709,0.6
1290,0.5557474099654662,0.850974930362117,0.910958904109589,0.07267833109017496,0.6666666666666666
1291,0.57918105574741,0.850974930362117,0.910958904109589,0.07267833109017496,0.6666666666666666
1292,0.57918105574741,0.850974930362117,0.910958904109589,0.07267833109017496,0.6666666666666666
1293,0.6531820424272323,0.850974930362117,0.910958904109589,0.07267833109017496,0.6666666666666666
1294,0.013073507646768623,0.7033426183844012,0.11643835616438356,0.013458950201884253,0.3333333333333333
1295,0.031573754316724226,0.7311977715877437,0.11643835616438356,0.013458950201884253,0.3333333333333333
1296,0.04267390231869758,0.7381615598885793,0.1506849315068493,0.016150740242261104,0.3333333333333333
1297,0.05007400098667982,0.745125348189415,0.18493150684931506,0.018842530282637954,0.3333333333333333
1298,0.053774050320670945,0.7520891364902507,0.18493150684931506,0.018842530282637954,0.3333333333333333
1299,0.06487419832264431,0.7590529247910863,0.2191780821917808,0.021534320323014805,0.3333333333333333
1300,0.06857424765663542,0.7590529247910863,0.2534246575342466,0.024226110363391656,0.3333333333333333
1301,0.08707449432659102,0.7729805013927576,0.3219178082191781,0.029609690444145357,0.3333333333333333
1302,0.10557474099654662,0.786908077994429,0.3561643835616438,0.03230148048452221,0.3333333333333333
1303,0.11667488899851998,0.7534818941504178,0.6643835616438356,0.059219380888290714,0.06666666666666655
1304,0.13640848544647263,0.7534818941504178,0.6643835616438356,0.059219380888290714,0.06666666666666655
1305,0.1635421805624075,0.7534818941504178,0.6643835616438356,0.059219380888290714,0.06666666666666655
1306,0.17834237789837198,0.7534818941504178,0.6643835616438356,0.059219380888290714,0.06666666666666655
1307,0.2153428712382832,0.7534818941504178,0.7328767123287672,0.06594885598923284,0.0
1308,0.2523433645781944,0.7534818941504178,0.7328767123287672,0.06594885598923284,0.0
1309,0.2918105574740997,0.7534818941504178,0.7328767123287672,0.06594885598923284,0.0
1310,0.395411938825851,0.7534818941504178,0.7671232876712328,0.06864064602960969,0.0
1311,0.09052787370498273,0.7534818941504178,0.5958904109589042,0.05114401076716016,0.3333333333333333
1312,0.10261470152935373,0.7534818941504178,0.5958904109589042,0.05114401076716016,0.3333333333333333
1313,0.1050814010853478,0.7534818941504178,0.5958904109589042,0.05114401076716016,0.3333333333333333
1314,0.1171682289097188,0.7534818941504178,0.5958904109589042,0.05114401076716016,0.3333333333333333
1315,0.14898865318204244,0.7534818941504178,0.5958904109589042,0.05114401076716016,0.3333333333333333
1316,0.16847557967439566,0.7534818941504178,0.5958904109589042,0.05114401076716016,0.3333333333333333
1317,0.18919585594474592,0.7534818941504178,0.5958904109589042,0.05114401076716016,0.3333333333333333
1318,0.20744943265910212,0.7534818941504178,0.5958904109589042,0.05114401076716016,0.3333333333333333
1319,0.22693635915145535,0.7534818941504178,0.5958904109589042,0.05114401076716016,0.3333333333333333
1320,0.24642328564380858,0.7534818941504178,0.5958904109589042,0.05114401076716016,0.3333333333333333
1321,0.28539713862851507,0.7534818941504178,0.5958904109589042,0.05114401076716016,0.3333333333333333
1322,0.11914158855451407,0.7534818941504178,0.5958904109589042,0.05114401076716016,0.3333333333333333
1323,0.12407498766650223,0.850974930362117,0.910958904109589,0.07267833109017496,0.6666666666666666
1324,0.2227429699062654,0.850974930362117,0.910958904109589,0.07267833109017496,0.6666666666666666
1325,0.08707449432659102,0.850974930362117,0.910958904109589,0.07267833109017496,0.6666666666666666
1326,0.1018746916625555,0.850974930362117,0.910958904109589,0.07267833109017496,0.6666666666666666
1327,0.09817464232856438,0.850974930362117,0.910958904109589,0.07267833109017496,0.6666666666666666
1328,0.0957079427725703,0.850974930362117,0.910958904109589,0.07267833109017496,0.6666666666666666
1329,0.12284163788850518,0.850974930362117,0.910958904109589,0.07267833109017496,0.6666666666666666
1330,0.14010853478046373,0.850974930362117,0.910958904109589,0.07267833109017496,0.6666666666666666
1331,0.11297483966452886,0.850974930362117,0.910958904109589,0.07267833109017496,0.6666666666666666
1332,0.11297483966452886,0.850974930362117,0.910958904109589,0.07267833109017496,0.6666666666666666
1333,0.14257523433645783,0.850974930362117,0.910958904109589,0.07267833109017496,0.6666666666666666
1334,0.13764183522446966,0.850974930362117,0.910958904109589,0.07267833109017496,0.6666666666666666
1335,0.1697089294523927,0.850974930362117,0.910958904109589,0.07267833109017496,0.6666666666666666
1336,0.18450912678835718,0.850974930362117,0.910958904109589,0.07267833109017496,0.6666666666666666
1337,0.18450912678835718,0.850974930362117,0.910958904109589,0.07267833109017496,0.6666666666666666
1338,0.20424272323630982,0.850974930362117,0.910958904109589,0.07267833109017496,0.6666666666666666
1339,0.23630981746423285,0.850974930362117,0.910958904109589,0.07267833109017496,0.6666666666666666
1340,0.18327577701036013,0.850974930362117,0.910958904109589,0.07267833109017496,0.6666666666666666
1341,0.26961026147015293,0.850974930362117,0.910958904109589,0.07267833109017496,0.6666666666666666
1342,0.1512086827824371,0.850974930362117,0.910958904109589,0.07267833109017496,0.6666666666666666
1343,0.1721756290083868,0.850974930362117,0.910958904109589,0.07267833109017496,0.6666666666666666
1344,0.2067094227923039,0.850974930362117,0.910958904109589,0.07267833109017496,0.6666666666666666
1345,0.23014306857424766,0.850974930362117,0.910958904109589,0.07267833109017496,0.6666666666666666
1346,0.24740996546620622,0.850974930362117,0.910958904109589,0.07267833109017496,0.6666666666666666
1347,0.24740996546620622,0.850974930362117,0.910958904109589,0.07267833109017496,0.6666666666666666
1348,0.2646768623581648,0.850974930362117,0.910958904109589,0.07267833109017496,0.6666666666666666
1349,0.2819437592501233,0.850974930362117,0.910958904109589,0.07267833109017496,0.6666666666666666
1350,0.2523433645781944,0.850974930362117,0.910958904109589,0.07267833109017496,0.6666666666666666
1351,0.1635421805624075,0.850974930362117,0.910958904109589,0.07267833109017496,0.6666666666666666
1352,0.2646768623581648,0.850974930362117,0.910958904109589,0.07267833109017496,0.6666666666666666
1353,0.6790823877651702,0.850974930362117,0.910958904109589,0.07267833109017496,0.6666666666666666
1354,0.31401085347804636,0.850974930362117,0.910958904109589,0.07267833109017496,0.6666666666666666
1355,0.333744449925999,0.850974930362117,0.910958904109589,0.07267833109017496,0.6666666666666666
1356,0.34114454859398124,0.850974930362117,0.910958904109589,0.07267833109017496,0.6666666666666666
1357,0.3695115934879132,0.850974930362117,0.910958904109589,0.07267833109017496,0.6666666666666666
1358,0.36211149481993093,0.850974930362117,0.910958904109589,0.07267833109017496,0.6666666666666666
1359,0.39047853971386287,0.850974930362117,0.910958904109589,0.07267833109017496,0.6666666666666666
1360,0.4817464232856438,0.850974930362117,0.910958904109589,0.07267833109017496,0.6666666666666666
1361,0.6050814010853478,0.850974930362117,0.910958904109589,0.07267833109017496,0.6666666666666666
1362,0.1512086827824371,0.850974930362117,0.910958904109589,0.07267833109017496,0.6666666666666666
1363,0.15984213122841637,0.850974930362117,0.910958904109589,0.07267833109017496,0.6666666666666666
1364,0.31647755303404046,0.850974930362117,0.910958904109589,0.07267833109017496,0.6666666666666666
1365,0.36581154415392203,0.850974930362117,0.910958904109589,0.07267833109017496,0.6666666666666666
1366,0.4077454366058214,0.850974930362117,0.910958904109589,0.07267833109017496,0.6666666666666666
1367,0.41884558460779475,0.850974930362117,0.910958904109589,0.07267833109017496,0.6666666666666666
1368,0.57918105574741,0.850974930362117,0.910958904109589,0.07267833109017496,0.6666666666666666
1369,0.3756783423778984,0.850974930362117,0.910958904109589,0.07267833109017496,0.6666666666666666
1370,0.42994573260976815,0.850974930362117,0.910958904109589,0.07267833109017496,0.6666666666666666
1371,0.4077454366058214,0.850974930362117,0.910958904109589,0.07267833109017496,0.6666666666666666
1372,0.4447459299457326,0.850974930362117,0.910958904109589,0.07267833109017496,0.6666666666666666
1373,0.4817464232856438,0.850974930362117,0.910958904109589,0.07267833109017496,0.6666666666666666
1374,0.43981253083374444,0.850974930362117,0.910958904109589,0.07267833109017496,0.6666666666666666
1375,0.13517513566847558,0.850974930362117,0.910958904109589,0.07267833109017496,0.6666666666666666
1376,0.24000986679822398,0.850974930362117,0.910958904109589,0.07267833109017496,0.6666666666666666
1377,0.2893438579181056,0.850974930362117,0.910958904109589,0.07267833109017496,0.6666666666666666
1378,0.33744449925999015,0.850974930362117,0.910958904109589,0.07267833109017496,0.6666666666666666
1379,0.1450419338924519,0.850974930362117,0.910958904109589,0.07267833109017496,0.6666666666666666
1380,0.14380858411445485,0.850974930362117,0.910958904109589,0.07267833109017496,0.6666666666666666
1381,0.37074494326591023,0.850974930362117,0.910958904109589,0.07267833109017496,0.6666666666666666
1382,0.13517513566847558,0.850974930362117,0.910958904109589,0.07267833109017496,0.6666666666666666
1383,0.2227429699062654,0.850974930362117,0.910958904109589,0.07267833109017496,0.6666666666666666
1384,0.4200789343857918,0.850974930362117,0.910958904109589,0.07267833109017496,0.6666666666666666
1385,0.14997533300444005,0.850974930362117,0.910958904109589,0.07267833109017496,0.6666666666666666
1386,0.15244203256043415,0.850974930362117,0.910958904109589,0.07267833109017496,0.6666666666666666
1387,0.15244203256043415,0.850974930362117,0.910958904109589,0.07267833109017496,0.6666666666666666
1388,0.1327084361124815,0.850974930362117,0.910958904109589,0.07267833109017496,0.6666666666666666
1389,0.16847557967439566,0.850974930362117,0.910958904109589,0.07267833109017496,0.6666666666666666
1390,0.18080907745436606,0.850974930362117,0.910958904109589,0.07267833109017496,0.6666666666666666
1391,0.16847557967439566,0.850974930362117,0.910958904109589,0.07267833109017496,0.6666666666666666
1392,0.16847557967439566,0.850974930362117,0.910958904109589,0.07267833109017496,0.6666666666666666
1393,0.1573754316724223,0.850974930362117,0.910958904109589,0.07267833109017496,0.6666666666666666
1394,0.15022200296003946,0.850974930362117,0.910958904109589,0.07267833109017496,0.6666666666666666
1395,0.13788850518006907,0.850974930362117,0.910958904109589,0.07267833109017496,0.6666666666666666
1396,0.14257523433645783,0.850974930362117,0.910958904109589,0.07267833109017496,0.6666666666666666
1397,0.1573754316724223,0.850974930362117,0.910958904109589,0.07267833109017496,0.6666666666666666
1398,0.35841144548593984,0.850974930362117,0.910958904109589,0.07267833109017496,0.6666666666666666
1399,0.05007400098667982,0.7534818941504178,0.0821917808219178,0.010767160161507403,0.3333333333333333
1400,0.17834237789837198,0.7534818941504178,0.6575342465753424,0.059219380888290714,0.0
1401,0.11914158855451407,0.7534818941504178,0.5958904109589042,0.05114401076716016,0.46666666666666684
1402,0.1820424272323631,0.850974930362117,0.910958904109589,0.07267833109017496,0.6666666666666666
1403,0.11297483966452886,0.850974930362117,0.910958904109589,0.07267833109017496,0.6666666666666666
1404,0.15984213122841637,0.850974930362117,0.910958904109589,0.07267833109017496,0.6666666666666666
1405,0.10310804144055254,0.850974930362117,0.910958904109589,0.07267833109017496,0.6666666666666666
1406,0.179575727676369,0.850974930362117,0.910958904109589,0.07267833109017496,0.6666666666666666
1407,0.1327084361124815,0.850974930362117,0.910958904109589,0.07267833109017496,0.6666666666666666
1408,0.16477553034040454,0.850974930362117,0.910958904109589,0.07267833109017496,0.6666666666666666
1409,0.18697582634435125,0.850974930362117,0.910958904109589,0.07267833109017496,0.6666666666666666
1410,0.18697582634435125,0.850974930362117,0.910958904109589,0.07267833109017496,0.6666666666666666
1411,0.1820424272323631,0.850974930362117,0.910958904109589,0.07267833109017496,0.6666666666666666
1412,0.24247656635421805,0.850974930362117,0.910958904109589,0.07267833109017496,0.6666666666666666
1413,0.22767636901825358,0.850974930362117,0.910958904109589,0.07267833109017496,0.6666666666666666
1414,0.15367538233843117,0.850974930362117,0.910958904109589,0.07267833109017496,0.6666666666666666
1415,0.16847557967439566,0.850974930362117,0.910958904109589,0.07267833109017496,0.6666666666666666
1416,0.14134188455846078,0.850974930362117,0.910958904109589,0.07267833109017496,0.6666666666666666
1417,0.16847557967439566,0.850974930362117,0.910958904109589,0.07267833109017496,0.6666666666666666
1418,0.19314257523433645,0.850974930362117,0.910958904109589,0.07267833109017496,0.6666666666666666
1419,0.2153428712382832,0.850974930362117,0.910958904109589,0.07267833109017496,0.6666666666666666
1420,0.23014306857424766,0.850974930362117,0.910958904109589,0.07267833109017496,0.6666666666666666
1421,0.24247656635421805,0.850974930362117,0.910958904109589,0.07267833109017496,0.6666666666666666
1422,0.2622101628021707,0.850974930362117,0.910958904109589,0.07267833109017496,0.6666666666666666
1423,0.2844104588061174,0.850974930362117,0.910958904109589,0.07267833109017496,0.6666666666666666
1424,0.2942772570300937,0.850974930362117,0.910958904109589,0.07267833109017496,0.6666666666666666
1425,0.26961026147015293,0.850974930362117,0.910958904109589,0.07267833109017496,0.6666666666666666
1426,0.3066107548100641,0.850974930362117,0.910958904109589,0.07267833109017496,0.6666666666666666
1427,0.3214109521460286,0.850974930362117,0.910958904109589,0.07267833109017496,0.6666666666666666
1428,0.3510113468179576,0.850974930362117,0.910958904109589,0.07267833109017496,0.6666666666666666
1429,0.38554514060187467,0.850974930362117,0.910958904109589,0.07267833109017496,0.6666666666666666
1430,0.5446472619634929,0.850974930362117,0.910958904109589,0.07267833109017496,0.6666666666666666
1431,0.3362111494819931,0.850974930362117,0.910958904109589,0.07267833109017496,0.6666666666666666
1432,0.35594474592994574,0.850974930362117,0.910958904109589,0.07267833109017496,0.6666666666666666
1433,0.3867784903798717,0.850974930362117,0.910958904109589,0.07267833109017496,0.6666666666666666
1434,0.35594474592994574,0.850974930362117,0.910958904109589,0.07267833109017496,0.6666666666666666
1435,0.5446472619634929,0.850974930362117,0.910958904109589,0.07267833109017496,0.6666666666666666
1436,0.3732116428219043,0.850974930362117,0.910958904109589,0.07267833109017496,0.6666666666666666
1437,0.4447459299457326,0.850974930362117,0.910958904109589,0.07267833109017496,0.6666666666666666
1438,0.46941292550567343,0.850974930362117,0.910958904109589,0.07267833109017496,0.6666666666666666
1439,0.518746916625555,0.850974930362117,0.910958904109589,0.07267833109017496,0.6666666666666666
1440,0.21780957079427726,0.850974930362117,0.910958904109589,0.07267833109017496,0.6666666666666666
1441,0.12136161815490873,0.850974930362117,0.910958904109589,0.07267833109017496,0.6666666666666666
1442,0.19363591514553527,0.850974930362117,0.910958904109589,0.07267833109017496,0.6666666666666666
1443,0.24198322644301923,0.850974930362117,0.910958904109589,0.07267833109017496,0.6666666666666666
1444,0.2903305377405032,0.850974930362117,0.910958904109589,0.07267833109017496,0.6666666666666666
1445,0.1327084361124815,0.850974930362117,0.910958904109589,0.07267833109017496,0.6666666666666666
1446,0.3147508633448446,0.850974930362117,0.910958904109589,0.07267833109017496,0.6666666666666666
1447,0.15490873211642822,0.850974930362117,0.910958904109589,0.07267833109017496,0.6666666666666666
1448,0.15490873211642822,0.850974930362117,0.910958904109589,0.07267833109017496,0.6666666666666666
1449,0.15490873211642822,0.850974930362117,0.910958904109589,0.07267833109017496,0.6666666666666666
1450,0.13764183522446966,0.850974930362117,0.910958904109589,0.07267833109017496,0.6666666666666666
1451,0.15490873211642822,0.850974930362117,0.910958904109589,0.07267833109017496,0.6666666666666666
1452,0.13764183522446966,0.850974930362117,0.910958904109589,0.07267833109017496,0.6666666666666666
1453,0.15490873211642822,0.850974930362117,0.910958904109589,0.07267833109017496,0.6666666666666666
1454,0.3744449925999013,0.850974930362117,0.910958904109589,0.07267833109017496,0.6666666666666666
1455,0.16477553034040454,0.850974930362117,0.910958904109589,0.07267833109017496,0.6666666666666666
1456,0.1721756290083868,0.850974930362117,0.910958904109589,0.07267833109017496,0.6666666666666666
1457,0.33127775037000495,0.850974930362117,0.910958904109589,0.07267833109017496,0.6666666666666666
1458,0.05007400098667982,0.7534818941504178,0.0821917808219178,0.010767160161507403,0.3333333333333333
1459,0.17834237789837198,0.7534818941504178,0.6575342465753424,0.059219380888290714,0.0
1460,0.11914158855451407,0.7534818941504178,0.5958904109589042,0.05114401076716016,0.46666666666666684
